--
-- Data for Name: ban_banknote; Type: TABLE DATA; Schema: public; Owner: postgres
--

INSERT INTO public.ban_banknote (ban_id, ban_ser_id, ban_cus_id, ban_face_value, ban_mat_id, ban_obverse_desc, ban_reverse_desc, ban_size_width, ban_size_height, ban_description) VALUES (42, 1, 0, 2000, 2, 'Celestino Mutis.', 'Vertical design. Jardin Botanico de Madrid.', 138, 68, 'Main color: red and orange');
INSERT INTO public.ban_banknote (ban_id, ban_ser_id, ban_cus_id, ban_face_value, ban_mat_id, ban_obverse_desc, ban_reverse_desc, ban_size_width, ban_size_height, ban_description) VALUES (43, 1, 0, 5000, 2, 'Christopher Columbus.', 'Vertical design. Astrolabe.', 146, 71, 'Main color: brown and red');
INSERT INTO public.ban_banknote (ban_id, ban_ser_id, ban_cus_id, ban_face_value, ban_mat_id, ban_obverse_desc, ban_reverse_desc, ban_size_width, ban_size_height, ban_description) VALUES (2, 5, 0, 5, 1, 'Arch in classical architecture. Printer code at the left edge of the printed image. ', 'Bridge in classical architecture.', 120, 62, 'Overall color: grey. Architecture theme: classical (until 5th Century)');
INSERT INTO public.ban_banknote (ban_id, ban_ser_id, ban_cus_id, ban_face_value, ban_mat_id, ban_obverse_desc, ban_reverse_desc, ban_size_width, ban_size_height, ban_description) VALUES (7, 5, 0, 10, 1, 'Romanesque arch. Printer code inside a star to the right and above the denomination. ', 'Romanesque bridge.', 127, 67, 'Overall color: red. Architecture theme: romanesque (11th to 12th Century)');
INSERT INTO public.ban_banknote (ban_id, ban_ser_id, ban_cus_id, ban_face_value, ban_mat_id, ban_obverse_desc, ban_reverse_desc, ban_size_width, ban_size_height, ban_description) VALUES (8, 5, 0, 20, 1, 'Gothic arch. Printer code inside a star to the right and above the denomination. ', 'Gothic bridge.', 133, 72, 'Overall color: blue. Architecture theme: gothic (12th to 14th Century)');
INSERT INTO public.ban_banknote (ban_id, ban_ser_id, ban_cus_id, ban_face_value, ban_mat_id, ban_obverse_desc, ban_reverse_desc, ban_size_width, ban_size_height, ban_description) VALUES (9, 5, 0, 50, 1, 'Renaissance arch. Printer code at the right edge of the printed area.', 'Renaissance bridges.', 140, 77, 'Overall color: orange. Architecture theme: renaissance  (15th to 16th Century)');
INSERT INTO public.ban_banknote (ban_id, ban_ser_id, ban_cus_id, ban_face_value, ban_mat_id, ban_obverse_desc, ban_reverse_desc, ban_size_width, ban_size_height, ban_description) VALUES (10, 5, 0, 100, 1, 'Baroque and rococo arch. Printer code below the signature, at the middle of the image. ', 'Baroque and rococo bridge.', 147, 82, 'Overall color: green. Architecture theme: baroque and rococo (17th to 18th Century)');
INSERT INTO public.ban_banknote (ban_id, ban_ser_id, ban_cus_id, ban_face_value, ban_mat_id, ban_obverse_desc, ban_reverse_desc, ban_size_width, ban_size_height, ban_description) VALUES (13, 6, 0, 5, 1, '', '', 120, 62, '');
INSERT INTO public.ban_banknote (ban_id, ban_ser_id, ban_cus_id, ban_face_value, ban_mat_id, ban_obverse_desc, ban_reverse_desc, ban_size_width, ban_size_height, ban_description) VALUES (14, 6, 0, 10, 1, '', '', 127, 67, '');
INSERT INTO public.ban_banknote (ban_id, ban_ser_id, ban_cus_id, ban_face_value, ban_mat_id, ban_obverse_desc, ban_reverse_desc, ban_size_width, ban_size_height, ban_description) VALUES (15, 6, 0, 20, 1, '', '', 133, 72, '');
INSERT INTO public.ban_banknote (ban_id, ban_ser_id, ban_cus_id, ban_face_value, ban_mat_id, ban_obverse_desc, ban_reverse_desc, ban_size_width, ban_size_height, ban_description) VALUES (16, 6, 0, 50, 1, '', '', 140, 77, '');
INSERT INTO public.ban_banknote (ban_id, ban_ser_id, ban_cus_id, ban_face_value, ban_mat_id, ban_obverse_desc, ban_reverse_desc, ban_size_width, ban_size_height, ban_description) VALUES (17, 6, 0, 100, 1, '', '', 147, 77, '');
INSERT INTO public.ban_banknote (ban_id, ban_ser_id, ban_cus_id, ban_face_value, ban_mat_id, ban_obverse_desc, ban_reverse_desc, ban_size_width, ban_size_height, ban_description) VALUES (18, 6, 0, 200, 1, '', '', 153, 77, '');
INSERT INTO public.ban_banknote (ban_id, ban_ser_id, ban_cus_id, ban_face_value, ban_mat_id, ban_obverse_desc, ban_reverse_desc, ban_size_width, ban_size_height, ban_description) VALUES (11, 5, 0, 200, 1, 'Iron and glass gates. Printer code to the right of the word "Euro". ', 'Modern iron bridges', 153, 82, 'Overall color: yellow. Architecture theme: art nouveaux (19th to 20th Century)');
INSERT INTO public.ban_banknote (ban_id, ban_ser_id, ban_cus_id, ban_face_value, ban_mat_id, ban_obverse_desc, ban_reverse_desc, ban_size_width, ban_size_height, ban_description) VALUES (12, 5, 0, 500, 1, 'Modern building facade.', 'Modern bridge', 160, 82, 'Overall color: purple. Architecture theme: modernism (20th century).');
INSERT INTO public.ban_banknote (ban_id, ban_ser_id, ban_cus_id, ban_face_value, ban_mat_id, ban_obverse_desc, ban_reverse_desc, ban_size_width, ban_size_height, ban_description) VALUES (44, 1, 0, 10000, 2, 'Juan Carlos I. Casa de América in the background', 'Vertical Design. Antonio de Ulloa above astronomical navigation diagram.', 154, 74, 'Main color: blue');
INSERT INTO public.ban_banknote (ban_id, ban_ser_id, ban_cus_id, ban_face_value, ban_mat_id, ban_obverse_desc, ban_reverse_desc, ban_size_width, ban_size_height, ban_description) VALUES (34, 3, 0, 5000, 2, 'Charles III of Spain', 'Museum of Prado', 163, 102, 'Overall color: purple and brown. The first note ever in this denomination, 5.000 Pesetas.');
INSERT INTO public.ban_banknote (ban_id, ban_ser_id, ban_cus_id, ban_face_value, ban_mat_id, ban_obverse_desc, ban_reverse_desc, ban_size_width, ban_size_height, ban_description) VALUES (45, 10, 0, 100, 2, 'Manuel de Falla', 'The summer residence of the Moorish kings in Granada (Generalife)', 132, 77, 'Main color: brown. Last banknote in this denomintaion. It was replaced by the 100 Pesetas coin introduced in 1982');
INSERT INTO public.ban_banknote (ban_id, ban_ser_id, ban_cus_id, ban_face_value, ban_mat_id, ban_obverse_desc, ban_reverse_desc, ban_size_width, ban_size_height, ban_description) VALUES (38, 2, 0, 200, 2, 'Leopoldo Alas Clarin', 'Asturian Oak with the Asturian Cross on its right', 120, 65, 'Overall color: brown and orange. First ever note of 200 Pesetas. In 1997 it was replaced by the 200 Pesetas coin.');
INSERT INTO public.ban_banknote (ban_id, ban_ser_id, ban_cus_id, ban_face_value, ban_mat_id, ban_obverse_desc, ban_reverse_desc, ban_size_width, ban_size_height, ban_description) VALUES (35, 2, 0, 500, 2, 'Rosalia de Castro. ', 'Museum Rosalia in Padron.', 129, 70, 'Overall color: dark blue. In 1997 it was replaced by the 500 Pesetas coin.');
INSERT INTO public.ban_banknote (ban_id, ban_ser_id, ban_cus_id, ban_face_value, ban_mat_id, ban_obverse_desc, ban_reverse_desc, ban_size_width, ban_size_height, ban_description) VALUES (36, 2, 0, 1000, 2, 'Benito Perez Galdos.', 'Cañadas del Teide in the Canary Islands.
Canary Islands map.', 138, 76, 'Overall color: gray-blue and green');
INSERT INTO public.ban_banknote (ban_id, ban_ser_id, ban_cus_id, ban_face_value, ban_mat_id, ban_obverse_desc, ban_reverse_desc, ban_size_width, ban_size_height, ban_description) VALUES (39, 2, 0, 2000, 2, 'Juan Ramon Jimenez', 'Municipal hall of Moguer, Huelva', 147, 79, 'Overall color: red and orange');
INSERT INTO public.ban_banknote (ban_id, ban_ser_id, ban_cus_id, ban_face_value, ban_mat_id, ban_obverse_desc, ban_reverse_desc, ban_size_width, ban_size_height, ban_description) VALUES (37, 2, 0, 5000, 2, 'Juan Carlos I.
', 'Royal Palace of Madrid.', 156, 85, 'Overall Color: brown and purple');
INSERT INTO public.ban_banknote (ban_id, ban_ser_id, ban_cus_id, ban_face_value, ban_mat_id, ban_obverse_desc, ban_reverse_desc, ban_size_width, ban_size_height, ban_description) VALUES (40, 2, 0, 10000, 2, 'Juan Carlos I', 'Felipe, Prince of Asturias. View of El Escorial in the background', 165, 85, 'OVerall color: gray-black. First banknote with denomination 10.000 pesetas');
INSERT INTO public.ban_banknote (ban_id, ban_ser_id, ban_cus_id, ban_face_value, ban_mat_id, ban_obverse_desc, ban_reverse_desc, ban_size_width, ban_size_height, ban_description) VALUES (41, 1, 0, 1000, 2, 'Hernan Cortes.', 'Vertical design. Francisco Pizarro.', 130, 65, 'Main colors: green, purple and red brown.');
INSERT INTO public.ban_banknote (ban_id, ban_ser_id, ban_cus_id, ban_face_value, ban_mat_id, ban_obverse_desc, ban_reverse_desc, ban_size_width, ban_size_height, ban_description) VALUES (51, 12, 0, 5, 2, 'Alfonso X', NULL, 109, 60, NULL);
INSERT INTO public.ban_banknote (ban_id, ban_ser_id, ban_cus_id, ban_face_value, ban_mat_id, ban_obverse_desc, ban_reverse_desc, ban_size_width, ban_size_height, ban_description) VALUES (46, 10, 0, 500, 2, 'Jacinto Verdaguer', 'Monte Canigó and village of Vignolas D''Oris', 144, 86, 'Main Color: blue-gray');
INSERT INTO public.ban_banknote (ban_id, ban_ser_id, ban_cus_id, ban_face_value, ban_mat_id, ban_obverse_desc, ban_reverse_desc, ban_size_width, ban_size_height, ban_description) VALUES (47, 10, 0, 1000, 2, 'Jose Echegaray', 'Banco de España building in Madrid', 153, 95, 'Commemorative issue for the 100th anniversary of the Banco de España''s becoming the sole issuing bank.
Main color: green');
INSERT INTO public.ban_banknote (ban_id, ban_ser_id, ban_cus_id, ban_face_value, ban_mat_id, ban_obverse_desc, ban_reverse_desc, ban_size_width, ban_size_height, ban_description) VALUES (48, 11, 0, 100, 2, 'Gustavo Adolfo Becquer', 'Romantic woman with parasol. Cathedral of Sevilla', 138, 88, 'Main color: brown');
INSERT INTO public.ban_banknote (ban_id, ban_ser_id, ban_cus_id, ban_face_value, ban_mat_id, ban_obverse_desc, ban_reverse_desc, ban_size_width, ban_size_height, ban_description) VALUES (49, 11, 0, 1000, 2, 'San Isidoro', 'Basílica of San Isidoro in León, with an imaginary figure.', 146, 91, 'Main color: green');
INSERT INTO public.ban_banknote (ban_id, ban_ser_id, ban_cus_id, ban_face_value, ban_mat_id, ban_obverse_desc, ban_reverse_desc, ban_size_width, ban_size_height, ban_description) VALUES (50, 12, 0, 1, 2, 'Marques de Santa Cruz', 'Ship', 83, 60, 'Last issue of 1 Peseta.
Main color: brown');
INSERT INTO public.ban_banknote (ban_id, ban_ser_id, ban_cus_id, ban_face_value, ban_mat_id, ban_obverse_desc, ban_reverse_desc, ban_size_width, ban_size_height, ban_description) VALUES (52, 12, 0, 25, 2, 'Isaac Albeniz
', 'Patio of the Lions in La Alhambra (Granada)', 122, 78, NULL);
INSERT INTO public.ban_banknote (ban_id, ban_ser_id, ban_cus_id, ban_face_value, ban_mat_id, ban_obverse_desc, ban_reverse_desc, ban_size_width, ban_size_height, ban_description) VALUES (53, 12, 0, 100, 2, 'Julio Romero de Torres
', 'Painting "Fuensanta"', 138, 88, NULL);
INSERT INTO public.ban_banknote (ban_id, ban_ser_id, ban_cus_id, ban_face_value, ban_mat_id, ban_obverse_desc, ban_reverse_desc, ban_size_width, ban_size_height, ban_description) VALUES (54, 12, 0, 500, 2, 'Ignacio Zuloaga', 'Painting "View of Toledo"', 137, 86, NULL);
INSERT INTO public.ban_banknote (ban_id, ban_ser_id, ban_cus_id, ban_face_value, ban_mat_id, ban_obverse_desc, ban_reverse_desc, ban_size_width, ban_size_height, ban_description) VALUES (55, 12, 0, 1000, 2, 'Catholic Monarchs:Queen Isabella I of Castile and King Ferdinand II of Aragon', 'Royal Standard of the Catholic Monarchs', 145, 90, NULL);
INSERT INTO public.ban_banknote (ban_id, ban_ser_id, ban_cus_id, ban_face_value, ban_mat_id, ban_obverse_desc, ban_reverse_desc, ban_size_width, ban_size_height, ban_description) VALUES (56, 14, 0, 1, 2, NULL, NULL, NULL, NULL, NULL);
INSERT INTO public.ban_banknote (ban_id, ban_ser_id, ban_cus_id, ban_face_value, ban_mat_id, ban_obverse_desc, ban_reverse_desc, ban_size_width, ban_size_height, ban_description) VALUES (57, 13, 0, 1, 2, 'Don Quixote', NULL, 64, 59, NULL);


--
-- Data for Name: bit_item; Type: TABLE DATA; Schema: public; Owner: postgres
--

INSERT INTO public.bit_item (bit_id, bit_usr_id, bit_bva_id, bit_quantity, bit_gra_grade, bit_price, bit_seller, bit_purchase_date, bit_description) VALUES (50, 4, 14, 1, 'REP', 0, NULL, NULL, 'Prefix ''X''. Printer Code ''R''');
INSERT INTO public.bit_item (bit_id, bit_usr_id, bit_bva_id, bit_quantity, bit_gra_grade, bit_price, bit_seller, bit_purchase_date, bit_description) VALUES (40, 4, 15, 1, 'UNC', 10, NULL, NULL, 'Prefix ''X''. Printer Code ''P''');
INSERT INTO public.bit_item (bit_id, bit_usr_id, bit_bva_id, bit_quantity, bit_gra_grade, bit_price, bit_seller, bit_purchase_date, bit_description) VALUES (43, 4, 17, 1, 'XF', 50, NULL, NULL, 'Prefix ''S''. Printer Code ''J''');
INSERT INTO public.bit_item (bit_id, bit_usr_id, bit_bva_id, bit_quantity, bit_gra_grade, bit_price, bit_seller, bit_purchase_date, bit_description) VALUES (46, 4, 18, 1, 'UNC', 100, NULL, NULL, 'Prefix ''X''. Printer Code ''E''');
INSERT INTO public.bit_item (bit_id, bit_usr_id, bit_bva_id, bit_quantity, bit_gra_grade, bit_price, bit_seller, bit_purchase_date, bit_description) VALUES (49, 4, 19, 1, 'UNC', 200, NULL, NULL, 'Prefix ''X''. Printer Code ''E''');
INSERT INTO public.bit_item (bit_id, bit_usr_id, bit_bva_id, bit_quantity, bit_gra_grade, bit_price, bit_seller, bit_purchase_date, bit_description) VALUES (5, 4, 21, 5, 'UNC', 5, NULL, NULL, 'Prefix ''V''');
INSERT INTO public.bit_item (bit_id, bit_usr_id, bit_bva_id, bit_quantity, bit_gra_grade, bit_price, bit_seller, bit_purchase_date, bit_description) VALUES (6, 4, 22, 1, 'UNC', 10, NULL, NULL, 'Prefix ''V''');
INSERT INTO public.bit_item (bit_id, bit_usr_id, bit_bva_id, bit_quantity, bit_gra_grade, bit_price, bit_seller, bit_purchase_date, bit_description) VALUES (56, 4, 22, 2, 'UNC', 10, NULL, NULL, 'Prefix ''X''');
INSERT INTO public.bit_item (bit_id, bit_usr_id, bit_bva_id, bit_quantity, bit_gra_grade, bit_price, bit_seller, bit_purchase_date, bit_description) VALUES (15, 4, 23, 2, 'UNC', 20, NULL, NULL, 'Prefix ''S''');
INSERT INTO public.bit_item (bit_id, bit_usr_id, bit_bva_id, bit_quantity, bit_gra_grade, bit_price, bit_seller, bit_purchase_date, bit_description) VALUES (16, 4, 24, 2, 'UNC', 50, NULL, NULL, 'Prefix ''M''');
INSERT INTO public.bit_item (bit_id, bit_usr_id, bit_bva_id, bit_quantity, bit_gra_grade, bit_price, bit_seller, bit_purchase_date, bit_description) VALUES (17, 4, 25, 1, 'UNC', 100, NULL, NULL, 'Prefix ''R''');
INSERT INTO public.bit_item (bit_id, bit_usr_id, bit_bva_id, bit_quantity, bit_gra_grade, bit_price, bit_seller, bit_purchase_date, bit_description) VALUES (18, 4, 26, 1, 'UNC', 200, NULL, NULL, 'Prefix ''U''');
INSERT INTO public.bit_item (bit_id, bit_usr_id, bit_bva_id, bit_quantity, bit_gra_grade, bit_price, bit_seller, bit_purchase_date, bit_description) VALUES (4, 4, 1, 1, 'XF', 5, NULL, NULL, 'Prefix ''V''. Printer Code ''M''');
INSERT INTO public.bit_item (bit_id, bit_usr_id, bit_bva_id, bit_quantity, bit_gra_grade, bit_price, bit_seller, bit_purchase_date, bit_description) VALUES (1, 4, 3, 1, 'XF', 10, NULL, NULL, 'Prefix ''V''. Printer Code ''M''');
INSERT INTO public.bit_item (bit_id, bit_usr_id, bit_bva_id, bit_quantity, bit_gra_grade, bit_price, bit_seller, bit_purchase_date, bit_description) VALUES (19, 4, 4, 1, 'XF', 20, NULL, NULL, 'Prefix ''V''. Printer Code ''M''');
INSERT INTO public.bit_item (bit_id, bit_usr_id, bit_bva_id, bit_quantity, bit_gra_grade, bit_price, bit_seller, bit_purchase_date, bit_description) VALUES (41, 4, 5, 1, 'XF', 50, NULL, NULL, 'Prefix ''V''. Printer Code ''M''');
INSERT INTO public.bit_item (bit_id, bit_usr_id, bit_bva_id, bit_quantity, bit_gra_grade, bit_price, bit_seller, bit_purchase_date, bit_description) VALUES (44, 4, 6, 1, 'REP', 0, NULL, NULL, 'Prefix ''S''. Printer Code ''J''');
INSERT INTO public.bit_item (bit_id, bit_usr_id, bit_bva_id, bit_quantity, bit_gra_grade, bit_price, bit_seller, bit_purchase_date, bit_description) VALUES (47, 4, 7, 1, 'REP', 0, NULL, NULL, 'Prefix ''X''. Printer Code ''R''');
INSERT INTO public.bit_item (bit_id, bit_usr_id, bit_bva_id, bit_quantity, bit_gra_grade, bit_price, bit_seller, bit_purchase_date, bit_description) VALUES (34, 4, 9, 2, 'UNC', 10, NULL, NULL, 'Prefix ''X''. Printer Code ''R''');
INSERT INTO public.bit_item (bit_id, bit_usr_id, bit_bva_id, bit_quantity, bit_gra_grade, bit_price, bit_seller, bit_purchase_date, bit_description) VALUES (42, 4, 11, 1, 'UNC', 50, NULL, NULL, 'Prefix ''V''. Printer Code ''M''');
INSERT INTO public.bit_item (bit_id, bit_usr_id, bit_bva_id, bit_quantity, bit_gra_grade, bit_price, bit_seller, bit_purchase_date, bit_description) VALUES (45, 4, 12, 1, 'UNC', 100, NULL, NULL, 'Prefix ''S''. Printer Code ''J''');
INSERT INTO public.bit_item (bit_id, bit_usr_id, bit_bva_id, bit_quantity, bit_gra_grade, bit_price, bit_seller, bit_purchase_date, bit_description) VALUES (48, 4, 13, 1, 'REP', 0, NULL, NULL, 'Prefix ''X''. Printer Code ''E''');


--
-- Data for Name: bta_banknote_tag; Type: TABLE DATA; Schema: public; Owner: postgres
--



--
-- Data for Name: bva_variant; Type: TABLE DATA; Schema: public; Owner: postgres
--

INSERT INTO public.bva_variant (bva_id, bva_ban_id, bva_issue_year, bva_printed_date, bva_cat_id, bva_overstamped_id, bva_pri_id, bva_signature, bva_signature_ext, bva_watermark, bva_security_thread, bva_added_security, bva_is_specimen, bva_is_commemorative, bva_is_numis_product, bva_is_replacement, bva_is_error, bva_description) VALUES (1, 2, 2002, '2002', 'P-1', NULL, 15, 'Willem Duisenberg', NULL, NULL, NULL, NULL, 0, 0, 0, 0, 0, 'Signature: Duisenberg. Serial number prefixes (issuing country code): L, M, N, P, S, T, U, V, X, Y, Z');
INSERT INTO public.bva_variant (bva_id, bva_ban_id, bva_issue_year, bva_printed_date, bva_cat_id, bva_overstamped_id, bva_pri_id, bva_signature, bva_signature_ext, bva_watermark, bva_security_thread, bva_added_security, bva_is_specimen, bva_is_commemorative, bva_is_numis_product, bva_is_replacement, bva_is_error, bva_description) VALUES (3, 7, 2002, '2002', 'P-2', NULL, 15, 'Willem Duisenberg', NULL, NULL, NULL, NULL, 0, 0, 0, 0, 0, 'Signature: Duisenberg. Serial number prefixes (issuing country code): L, M, N, P, S, T, U, V, X, Y, Z');
INSERT INTO public.bva_variant (bva_id, bva_ban_id, bva_issue_year, bva_printed_date, bva_cat_id, bva_overstamped_id, bva_pri_id, bva_signature, bva_signature_ext, bva_watermark, bva_security_thread, bva_added_security, bva_is_specimen, bva_is_commemorative, bva_is_numis_product, bva_is_replacement, bva_is_error, bva_description) VALUES (2, 2, 2003, '2002', 'P-8', NULL, 15, 'Jean Claude Trichet', NULL, NULL, NULL, NULL, 0, 0, 0, 0, 0, 'New signature: Trichet.  Serial number prefixes (issuing country code): E, F, G, H, L, M, N, P, T, U, V, X');
INSERT INTO public.bva_variant (bva_id, bva_ban_id, bva_issue_year, bva_printed_date, bva_cat_id, bva_overstamped_id, bva_pri_id, bva_signature, bva_signature_ext, bva_watermark, bva_security_thread, bva_added_security, bva_is_specimen, bva_is_commemorative, bva_is_numis_product, bva_is_replacement, bva_is_error, bva_description) VALUES (9, 7, 2003, '2002', 'P-9', NULL, 15, 'Jean Claude Trichet', NULL, NULL, NULL, NULL, 0, 0, 0, 0, 0, 'New signature: Trichet. Serial number prefixes (issuing country code): M, N, P, S, T, U, X, Y');
INSERT INTO public.bva_variant (bva_id, bva_ban_id, bva_issue_year, bva_printed_date, bva_cat_id, bva_overstamped_id, bva_pri_id, bva_signature, bva_signature_ext, bva_watermark, bva_security_thread, bva_added_security, bva_is_specimen, bva_is_commemorative, bva_is_numis_product, bva_is_replacement, bva_is_error, bva_description) VALUES (15, 7, 2012, '2002', 'P-15', NULL, 15, 'Mario Draghi', NULL, NULL, NULL, NULL, 0, 0, 0, 0, 0, 'New signature:  Draghi. Serial number prefixes (issuing country code): T, X, Y');
INSERT INTO public.bva_variant (bva_id, bva_ban_id, bva_issue_year, bva_printed_date, bva_cat_id, bva_overstamped_id, bva_pri_id, bva_signature, bva_signature_ext, bva_watermark, bva_security_thread, bva_added_security, bva_is_specimen, bva_is_commemorative, bva_is_numis_product, bva_is_replacement, bva_is_error, bva_description) VALUES (10, 8, 2003, '2002', 'P-10', NULL, 15, 'Jean Claude Trichet', NULL, NULL, NULL, NULL, 0, 0, 0, 0, 0, 'New signature: Trichet.  Serial number prefixes (issuing country code): E, F, G, H, L, M, N, P, S, T, U, V, X, Y');
INSERT INTO public.bva_variant (bva_id, bva_ban_id, bva_issue_year, bva_printed_date, bva_cat_id, bva_overstamped_id, bva_pri_id, bva_signature, bva_signature_ext, bva_watermark, bva_security_thread, bva_added_security, bva_is_specimen, bva_is_commemorative, bva_is_numis_product, bva_is_replacement, bva_is_error, bva_description) VALUES (4, 8, 2002, '2002', 'P-3', NULL, 15, 'Willem Duisenberg', NULL, NULL, NULL, NULL, 0, 0, 0, 0, 0, 'Signature: Duisenberg. Serial number prefixes (issuing country code): L, M, N, P, S, T, U, V, X, Y, Z');
INSERT INTO public.bva_variant (bva_id, bva_ban_id, bva_issue_year, bva_printed_date, bva_cat_id, bva_overstamped_id, bva_pri_id, bva_signature, bva_signature_ext, bva_watermark, bva_security_thread, bva_added_security, bva_is_specimen, bva_is_commemorative, bva_is_numis_product, bva_is_replacement, bva_is_error, bva_description) VALUES (5, 9, 2002, '2002', 'P-4', NULL, 15, 'Willem Duisenberg', NULL, NULL, NULL, NULL, 0, 0, 0, 0, 0, 'Signature: Duisenberg. Serial number prefixes (issuing country code): L, M, N, P, S, T, U, V, X, Y, Z');
INSERT INTO public.bva_variant (bva_id, bva_ban_id, bva_issue_year, bva_printed_date, bva_cat_id, bva_overstamped_id, bva_pri_id, bva_signature, bva_signature_ext, bva_watermark, bva_security_thread, bva_added_security, bva_is_specimen, bva_is_commemorative, bva_is_numis_product, bva_is_replacement, bva_is_error, bva_description) VALUES (6, 10, 2002, '2002', 'P-5', NULL, 15, 'Willem Duisenberg', NULL, NULL, NULL, NULL, 0, 0, 0, 0, 0, 'Signature: Duisenberg. Serial number prefixes (issuing country code): L, M, N, P, S, T, U, V, X, Y, Z');
INSERT INTO public.bva_variant (bva_id, bva_ban_id, bva_issue_year, bva_printed_date, bva_cat_id, bva_overstamped_id, bva_pri_id, bva_signature, bva_signature_ext, bva_watermark, bva_security_thread, bva_added_security, bva_is_specimen, bva_is_commemorative, bva_is_numis_product, bva_is_replacement, bva_is_error, bva_description) VALUES (7, 11, 2002, '2002', 'P-6', NULL, 15, 'Willem Duisenberg', NULL, NULL, NULL, NULL, 0, 0, 0, 0, 0, 'Signature: Duisenberg. Serial number prefixes (issuing country code): L, N, P, S, U, V, X, Y, Z');
INSERT INTO public.bva_variant (bva_id, bva_ban_id, bva_issue_year, bva_printed_date, bva_cat_id, bva_overstamped_id, bva_pri_id, bva_signature, bva_signature_ext, bva_watermark, bva_security_thread, bva_added_security, bva_is_specimen, bva_is_commemorative, bva_is_numis_product, bva_is_replacement, bva_is_error, bva_description) VALUES (8, 12, 2002, '2002', 'P-7', NULL, 15, 'Willem Duisenberg', NULL, NULL, NULL, NULL, 0, 0, 0, 0, 0, 'Signature: Duisenberg. Serial number prefixes (issuing country code): L, N, P, S, T, U, V, X, Y, Z');
INSERT INTO public.bva_variant (bva_id, bva_ban_id, bva_issue_year, bva_printed_date, bva_cat_id, bva_overstamped_id, bva_pri_id, bva_signature, bva_signature_ext, bva_watermark, bva_security_thread, bva_added_security, bva_is_specimen, bva_is_commemorative, bva_is_numis_product, bva_is_replacement, bva_is_error, bva_description) VALUES (21, 13, 2013, '2013', 'P-20', NULL, 15, 'Mario Draghi', NULL, NULL, NULL, NULL, 0, 0, 0, 0, 0, 'Signature: Draghi. Serial number prefixes (printing facility): M, N, S, T, U, V, Y, Z');
INSERT INTO public.bva_variant (bva_id, bva_ban_id, bva_issue_year, bva_printed_date, bva_cat_id, bva_overstamped_id, bva_pri_id, bva_signature, bva_signature_ext, bva_watermark, bva_security_thread, bva_added_security, bva_is_specimen, bva_is_commemorative, bva_is_numis_product, bva_is_replacement, bva_is_error, bva_description) VALUES (22, 14, 2014, '2014', 'P-21', NULL, 15, 'Mario Draghi', NULL, NULL, NULL, NULL, 0, 0, 0, 0, 0, 'Signature: Draghi. Serial number prefixes (printing facility): E, N, P, S, T, U, V, X, Y');
INSERT INTO public.bva_variant (bva_id, bva_ban_id, bva_issue_year, bva_printed_date, bva_cat_id, bva_overstamped_id, bva_pri_id, bva_signature, bva_signature_ext, bva_watermark, bva_security_thread, bva_added_security, bva_is_specimen, bva_is_commemorative, bva_is_numis_product, bva_is_replacement, bva_is_error, bva_description) VALUES (23, 15, 2015, '2015', 'P-22', NULL, 15, 'Mario Draghi', NULL, NULL, NULL, NULL, 0, 0, 0, 0, 0, 'Signature: Draghi. Serial number prefixes (printing facility): E, M, N, R, S, U, V, W, X');
INSERT INTO public.bva_variant (bva_id, bva_ban_id, bva_issue_year, bva_printed_date, bva_cat_id, bva_overstamped_id, bva_pri_id, bva_signature, bva_signature_ext, bva_watermark, bva_security_thread, bva_added_security, bva_is_specimen, bva_is_commemorative, bva_is_numis_product, bva_is_replacement, bva_is_error, bva_description) VALUES (24, 16, 2017, '2017', 'P-23', NULL, 15, 'Mario Draghi', NULL, NULL, NULL, NULL, 0, 0, 0, 0, 0, 'Signature: Draghi. Serial number prefixes (printing facility): M, ?');
INSERT INTO public.bva_variant (bva_id, bva_ban_id, bva_issue_year, bva_printed_date, bva_cat_id, bva_overstamped_id, bva_pri_id, bva_signature, bva_signature_ext, bva_watermark, bva_security_thread, bva_added_security, bva_is_specimen, bva_is_commemorative, bva_is_numis_product, bva_is_replacement, bva_is_error, bva_description) VALUES (25, 17, 2019, '2019', 'P-24', NULL, 15, 'Mario Draghi', NULL, NULL, NULL, NULL, 0, 0, 0, 0, 0, 'Signature: Draghi. Serial number prefixes (printing facility): R, ?');
INSERT INTO public.bva_variant (bva_id, bva_ban_id, bva_issue_year, bva_printed_date, bva_cat_id, bva_overstamped_id, bva_pri_id, bva_signature, bva_signature_ext, bva_watermark, bva_security_thread, bva_added_security, bva_is_specimen, bva_is_commemorative, bva_is_numis_product, bva_is_replacement, bva_is_error, bva_description) VALUES (26, 18, 2019, '2019', 'P-25', NULL, 15, 'Mario Draghi', NULL, NULL, NULL, NULL, 0, 0, 0, 0, 0, 'Signature: Draghi. Serial number prefixes (printing facility): U, ?');
INSERT INTO public.bva_variant (bva_id, bva_ban_id, bva_issue_year, bva_printed_date, bva_cat_id, bva_overstamped_id, bva_pri_id, bva_signature, bva_signature_ext, bva_watermark, bva_security_thread, bva_added_security, bva_is_specimen, bva_is_commemorative, bva_is_numis_product, bva_is_replacement, bva_is_error, bva_description) VALUES (33, 34, 1978, '1976.02.06', 'P-155', NULL, 1, NULL, NULL, 'King Charles III', NULL, NULL, 0, 0, 0, 0, 0, 'Serial Number can be without prefix or with prefix A - 2N. Replacement notes have prefix 9A');
INSERT INTO public.bva_variant (bva_id, bva_ban_id, bva_issue_year, bva_printed_date, bva_cat_id, bva_overstamped_id, bva_pri_id, bva_signature, bva_signature_ext, bva_watermark, bva_security_thread, bva_added_security, bva_is_specimen, bva_is_commemorative, bva_is_numis_product, bva_is_replacement, bva_is_error, bva_description) VALUES (38, 37, 1982, '1979.10.23', 'P-160', NULL, 1, NULL, NULL, 'Juan Carlos I', NULL, NULL, 0, 0, 0, 0, 0, 'Serial Number can be without prefix or with prefix A - ZB. Replacement notes have prefix 9A - 9F.');
INSERT INTO public.bva_variant (bva_id, bva_ban_id, bva_issue_year, bva_printed_date, bva_cat_id, bva_overstamped_id, bva_pri_id, bva_signature, bva_signature_ext, bva_watermark, bva_security_thread, bva_added_security, bva_is_specimen, bva_is_commemorative, bva_is_numis_product, bva_is_replacement, bva_is_error, bva_description) VALUES (36, 36, 1982, '1979.10.23', 'P-158', NULL, 1, NULL, NULL, 'Benito Perez Galdos', NULL, NULL, 0, 0, 0, 0, 0, 'Serial Number can be without prefix or with prefix A - FA. Replacement notes have prefix 9A - 9F. Statistics ad tracking notes have prefix 8A - 8D');
INSERT INTO public.bva_variant (bva_id, bva_ban_id, bva_issue_year, bva_printed_date, bva_cat_id, bva_overstamped_id, bva_pri_id, bva_signature, bva_signature_ext, bva_watermark, bva_security_thread, bva_added_security, bva_is_specimen, bva_is_commemorative, bva_is_numis_product, bva_is_replacement, bva_is_error, bva_description) VALUES (37, 39, 1983, '1980.07.22', 'P-159', NULL, 1, NULL, NULL, 'Juan Ramon Jimenez', NULL, NULL, 0, 0, 0, 0, 0, 'Serial Number can be without prefix or with prefix A - 2Z. Replacement notes have prefix 9A. Statistics ad tracking notes have prefix 8A - 8D');
INSERT INTO public.bva_variant (bva_id, bva_ban_id, bva_issue_year, bva_printed_date, bva_cat_id, bva_overstamped_id, bva_pri_id, bva_signature, bva_signature_ext, bva_watermark, bva_security_thread, bva_added_security, bva_is_specimen, bva_is_commemorative, bva_is_numis_product, bva_is_replacement, bva_is_error, bva_description) VALUES (34, 38, 1984, '1980.09.16', 'P-156', NULL, 1, NULL, NULL, 'Leopoldo Alas Clarin', NULL, NULL, 0, 0, 0, 0, 0, 'Serial Number can be without prefix or with prefix A - M. Replacement notes have prefix 9A. Statistics ad tracking notes have prefix 8A - 8D');
INSERT INTO public.bva_variant (bva_id, bva_ban_id, bva_issue_year, bva_printed_date, bva_cat_id, bva_overstamped_id, bva_pri_id, bva_signature, bva_signature_ext, bva_watermark, bva_security_thread, bva_added_security, bva_is_specimen, bva_is_commemorative, bva_is_numis_product, bva_is_replacement, bva_is_error, bva_description) VALUES (35, 35, 1983, '1979.10.23', 'P-157', NULL, 1, NULL, NULL, 'Rosalia de Castro', NULL, NULL, 0, 0, 0, 0, 0, 'Serial Number can be without prefix or with prefix A - 1Z. Replacement notes have prefix 9A - 9B. ');
INSERT INTO public.bva_variant (bva_id, bva_ban_id, bva_issue_year, bva_printed_date, bva_cat_id, bva_overstamped_id, bva_pri_id, bva_signature, bva_signature_ext, bva_watermark, bva_security_thread, bva_added_security, bva_is_specimen, bva_is_commemorative, bva_is_numis_product, bva_is_replacement, bva_is_error, bva_description) VALUES (39, 40, 1987, '1985.09.22', 'P-161', NULL, 1, NULL, NULL, 'Juan Carlos I', NULL, NULL, 0, 0, 0, 0, 0, 'Serial Number can be without prefix or with prefix A - 1Z. Replacement notes have prefix 9A.');
INSERT INTO public.bva_variant (bva_id, bva_ban_id, bva_issue_year, bva_printed_date, bva_cat_id, bva_overstamped_id, bva_pri_id, bva_signature, bva_signature_ext, bva_watermark, bva_security_thread, bva_added_security, bva_is_specimen, bva_is_commemorative, bva_is_numis_product, bva_is_replacement, bva_is_error, bva_description) VALUES (40, 41, 1994, '1992.10.12', 'P-163', NULL, 1, NULL, NULL, 'Francisco Pizarro', NULL, NULL, 0, 0, 0, 0, 0, 'Serial Number can be without prefix or with prefix A - 6Z. Replacement notes have prefix 9A - 9C. Statistics ad tracking notes have prefix 8A.');
INSERT INTO public.bva_variant (bva_id, bva_ban_id, bva_issue_year, bva_printed_date, bva_cat_id, bva_overstamped_id, bva_pri_id, bva_signature, bva_signature_ext, bva_watermark, bva_security_thread, bva_added_security, bva_is_specimen, bva_is_commemorative, bva_is_numis_product, bva_is_replacement, bva_is_error, bva_description) VALUES (41, 42, 1993, '1992.04.24', 'P-162', NULL, 1, NULL, NULL, 'Celestino Mutis', NULL, NULL, 0, 0, 0, 0, 0, 'Serial number is shown twice on the obverse. Blurred BANCO DE ESPANA in red on the reverse. Serial Number can be without prefix or with prefix A - 1R. Replacement notes have prefix 9A - 9B.');
INSERT INTO public.bva_variant (bva_id, bva_ban_id, bva_issue_year, bva_printed_date, bva_cat_id, bva_overstamped_id, bva_pri_id, bva_signature, bva_signature_ext, bva_watermark, bva_security_thread, bva_added_security, bva_is_specimen, bva_is_commemorative, bva_is_numis_product, bva_is_replacement, bva_is_error, bva_description) VALUES (16, 8, 2012, '2002', 'P-16', NULL, 15, 'Mario Draghi', NULL, NULL, NULL, NULL, 0, 0, 0, 0, 0, 'New signature:  Draghi. Serial number prefixes (issuing country code): D, E, F, G, H, L, M, P, S, U, X, Y');
INSERT INTO public.bva_variant (bva_id, bva_ban_id, bva_issue_year, bva_printed_date, bva_cat_id, bva_overstamped_id, bva_pri_id, bva_signature, bva_signature_ext, bva_watermark, bva_security_thread, bva_added_security, bva_is_specimen, bva_is_commemorative, bva_is_numis_product, bva_is_replacement, bva_is_error, bva_description) VALUES (11, 9, 2003, '2002', 'P-11', NULL, 15, 'Jean Claude Trichet', NULL, NULL, NULL, NULL, 0, 0, 0, 0, 0, 'New signature: Trichet. Serial number prefixes (issuing country code): P, S, V, X, Y, Z');
INSERT INTO public.bva_variant (bva_id, bva_ban_id, bva_issue_year, bva_printed_date, bva_cat_id, bva_overstamped_id, bva_pri_id, bva_signature, bva_signature_ext, bva_watermark, bva_security_thread, bva_added_security, bva_is_specimen, bva_is_commemorative, bva_is_numis_product, bva_is_replacement, bva_is_error, bva_description) VALUES (17, 9, 2012, '2002', 'P-17', NULL, 15, 'Mario Draghi', NULL, NULL, NULL, NULL, 0, 0, 0, 0, 0, 'New signature: Draghi. Serial number prefixes (issuing country code): D, E, F, G, H, L, P, S, V, X, Z');
INSERT INTO public.bva_variant (bva_id, bva_ban_id, bva_issue_year, bva_printed_date, bva_cat_id, bva_overstamped_id, bva_pri_id, bva_signature, bva_signature_ext, bva_watermark, bva_security_thread, bva_added_security, bva_is_specimen, bva_is_commemorative, bva_is_numis_product, bva_is_replacement, bva_is_error, bva_description) VALUES (12, 10, 2003, '2002', 'P-12', NULL, 15, 'Jean Claude Trichet', NULL, NULL, NULL, NULL, 0, 0, 0, 0, 0, 'New signature: Trichet. Serial number prefixes (issuing country code): L, N, P, S, X');
INSERT INTO public.bva_variant (bva_id, bva_ban_id, bva_issue_year, bva_printed_date, bva_cat_id, bva_overstamped_id, bva_pri_id, bva_signature, bva_signature_ext, bva_watermark, bva_security_thread, bva_added_security, bva_is_specimen, bva_is_commemorative, bva_is_numis_product, bva_is_replacement, bva_is_error, bva_description) VALUES (18, 10, 2012, '2002', 'P-18', NULL, 15, 'Mario Draghi', NULL, NULL, NULL, NULL, 0, 0, 0, 0, 0, 'New signature: Draghi. Serial number prefixes (issuing country code): N, X');
INSERT INTO public.bva_variant (bva_id, bva_ban_id, bva_issue_year, bva_printed_date, bva_cat_id, bva_overstamped_id, bva_pri_id, bva_signature, bva_signature_ext, bva_watermark, bva_security_thread, bva_added_security, bva_is_specimen, bva_is_commemorative, bva_is_numis_product, bva_is_replacement, bva_is_error, bva_description) VALUES (13, 11, 2003, '2002', 'P-13', NULL, 15, 'Jean Claude Trichet', NULL, NULL, NULL, NULL, 0, 0, 0, 0, 0, 'New signature: Trichet. Serial number prefixes (issuing country code): X');
INSERT INTO public.bva_variant (bva_id, bva_ban_id, bva_issue_year, bva_printed_date, bva_cat_id, bva_overstamped_id, bva_pri_id, bva_signature, bva_signature_ext, bva_watermark, bva_security_thread, bva_added_security, bva_is_specimen, bva_is_commemorative, bva_is_numis_product, bva_is_replacement, bva_is_error, bva_description) VALUES (20, 12, 2012, '2002', 'P-19A', NULL, 15, 'Mario Draghi', NULL, NULL, NULL, NULL, 0, 0, 0, 0, 0, 'New signature: Draghi. Serial number prefixes (issuing country code): N');
INSERT INTO public.bva_variant (bva_id, bva_ban_id, bva_issue_year, bva_printed_date, bva_cat_id, bva_overstamped_id, bva_pri_id, bva_signature, bva_signature_ext, bva_watermark, bva_security_thread, bva_added_security, bva_is_specimen, bva_is_commemorative, bva_is_numis_product, bva_is_replacement, bva_is_error, bva_description) VALUES (19, 11, 2012, '2002', 'P-19', NULL, 15, 'Mario Draghi', NULL, NULL, NULL, NULL, 0, 0, 0, 0, 0, 'New signature: Draghi. Serial number prefixes (issuing country code): X');
INSERT INTO public.bva_variant (bva_id, bva_ban_id, bva_issue_year, bva_printed_date, bva_cat_id, bva_overstamped_id, bva_pri_id, bva_signature, bva_signature_ext, bva_watermark, bva_security_thread, bva_added_security, bva_is_specimen, bva_is_commemorative, bva_is_numis_product, bva_is_replacement, bva_is_error, bva_description) VALUES (14, 12, 2003, '2002', 'P-14', NULL, 15, 'Jean Claude Trichet', NULL, NULL, NULL, NULL, 0, 0, 0, 0, 0, 'New signature: Trichet. Serial number prefixes (issuing country code): N, X');
INSERT INTO public.bva_variant (bva_id, bva_ban_id, bva_issue_year, bva_printed_date, bva_cat_id, bva_overstamped_id, bva_pri_id, bva_signature, bva_signature_ext, bva_watermark, bva_security_thread, bva_added_security, bva_is_specimen, bva_is_commemorative, bva_is_numis_product, bva_is_replacement, bva_is_error, bva_description) VALUES (43, 43, 1994, '1992.10.12', 'P-165', NULL, 1, NULL, NULL, 'Christopher Columbus', NULL, NULL, 0, 0, 0, 0, 0, 'Serial Number can be without prefix or with prefix A - 6Z. Replacement notes have prefix 9A - 9C.');
INSERT INTO public.bva_variant (bva_id, bva_ban_id, bva_issue_year, bva_printed_date, bva_cat_id, bva_overstamped_id, bva_pri_id, bva_signature, bva_signature_ext, bva_watermark, bva_security_thread, bva_added_security, bva_is_specimen, bva_is_commemorative, bva_is_numis_product, bva_is_replacement, bva_is_error, bva_description) VALUES (42, 42, 1995, '1992.04.24', 'P-164', NULL, 1, NULL, NULL, 'Celestino Mutis', NULL, NULL, 0, 0, 0, 0, 0, 'Only one serial number on the obverse. No blurred text on the reverse. Serial Number with prefix 1S - 6Z. Replacement notes have prefix 9B - 9D. ');
INSERT INTO public.bva_variant (bva_id, bva_ban_id, bva_issue_year, bva_printed_date, bva_cat_id, bva_overstamped_id, bva_pri_id, bva_signature, bva_signature_ext, bva_watermark, bva_security_thread, bva_added_security, bva_is_specimen, bva_is_commemorative, bva_is_numis_product, bva_is_replacement, bva_is_error, bva_description) VALUES (44, 44, 1994, '1992.10.12', 'P-166', NULL, 1, NULL, NULL, 'Juan Carlos I', NULL, NULL, 0, 0, 0, 0, 0, 'Serial Number can be without prefix or with prefix A - 2X. Replacement notes have prefix 9A - 9B.');
INSERT INTO public.bva_variant (bva_id, bva_ban_id, bva_issue_year, bva_printed_date, bva_cat_id, bva_overstamped_id, bva_pri_id, bva_signature, bva_signature_ext, bva_watermark, bva_security_thread, bva_added_security, bva_is_specimen, bva_is_commemorative, bva_is_numis_product, bva_is_replacement, bva_is_error, bva_description) VALUES (45, 45, 1974, '1970.11.17', 'P-152', NULL, 1, NULL, NULL, 'Manuel de Falla', NULL, NULL, 0, 0, 0, 0, 0, 'Serial Number can be without prefix or with prefix A - 7W. Replacement notes have prefix 9A - 9C.');
INSERT INTO public.bva_variant (bva_id, bva_ban_id, bva_issue_year, bva_printed_date, bva_cat_id, bva_overstamped_id, bva_pri_id, bva_signature, bva_signature_ext, bva_watermark, bva_security_thread, bva_added_security, bva_is_specimen, bva_is_commemorative, bva_is_numis_product, bva_is_replacement, bva_is_error, bva_description) VALUES (46, 46, 1973, '1971.07.23', 'P-153', NULL, 1, NULL, NULL, 'Jacinto Verdaguer', NULL, NULL, 0, 0, 0, 0, 0, 'Serial Number can be without prefix or with prefix A - 1Z. Replacement notes have prefix 9A.');
INSERT INTO public.bva_variant (bva_id, bva_ban_id, bva_issue_year, bva_printed_date, bva_cat_id, bva_overstamped_id, bva_pri_id, bva_signature, bva_signature_ext, bva_watermark, bva_security_thread, bva_added_security, bva_is_specimen, bva_is_commemorative, bva_is_numis_product, bva_is_replacement, bva_is_error, bva_description) VALUES (47, 47, 1974, '1971.09.17', 'P-154', NULL, 1, NULL, NULL, 'Jose Echegaray', NULL, NULL, 0, 1, 0, 0, 0, 'Serial Number can be without prefix or with prefix A - 7Z. Replacement notes have prefix 9A - 9F.');
INSERT INTO public.bva_variant (bva_id, bva_ban_id, bva_issue_year, bva_printed_date, bva_cat_id, bva_overstamped_id, bva_pri_id, bva_signature, bva_signature_ext, bva_watermark, bva_security_thread, bva_added_security, bva_is_specimen, bva_is_commemorative, bva_is_numis_product, bva_is_replacement, bva_is_error, bva_description) VALUES (48, 48, 1970, '1965.11.19', 'P-150', NULL, 1, NULL, NULL, 'Woman''s head', NULL, NULL, 0, 0, 0, 0, 0, 'Serial Number can be without prefix or with prefix A - 1Z.');
INSERT INTO public.bva_variant (bva_id, bva_ban_id, bva_issue_year, bva_printed_date, bva_cat_id, bva_overstamped_id, bva_pri_id, bva_signature, bva_signature_ext, bva_watermark, bva_security_thread, bva_added_security, bva_is_specimen, bva_is_commemorative, bva_is_numis_product, bva_is_replacement, bva_is_error, bva_description) VALUES (49, 49, 1971, '1965.11.19', 'P-151', NULL, 1, NULL, NULL, 'San Isidoro', NULL, NULL, 0, 0, 0, 0, 0, 'Serial Number can be without prefix or with prefix A - 1Z.');
INSERT INTO public.bva_variant (bva_id, bva_ban_id, bva_issue_year, bva_printed_date, bva_cat_id, bva_overstamped_id, bva_pri_id, bva_signature, bva_signature_ext, bva_watermark, bva_security_thread, bva_added_security, bva_is_specimen, bva_is_commemorative, bva_is_numis_product, bva_is_replacement, bva_is_error, bva_description) VALUES (50, 50, 1953, '1953.07.22', 'P-144', NULL, 1, NULL, NULL, NULL, NULL, NULL, 0, 0, 0, 0, 0, 'Serial Number can be without prefix or with prefix A - 1G.');
INSERT INTO public.bva_variant (bva_id, bva_ban_id, bva_issue_year, bva_printed_date, bva_cat_id, bva_overstamped_id, bva_pri_id, bva_signature, bva_signature_ext, bva_watermark, bva_security_thread, bva_added_security, bva_is_specimen, bva_is_commemorative, bva_is_numis_product, bva_is_replacement, bva_is_error, bva_description) VALUES (51, 57, 1951, '1951.11.19', 'P-139', NULL, 1, NULL, NULL, NULL, NULL, NULL, 0, 0, 0, 0, 0, NULL);
INSERT INTO public.bva_variant (bva_id, bva_ban_id, bva_issue_year, bva_printed_date, bva_cat_id, bva_overstamped_id, bva_pri_id, bva_signature, bva_signature_ext, bva_watermark, bva_security_thread, bva_added_security, bva_is_specimen, bva_is_commemorative, bva_is_numis_product, bva_is_replacement, bva_is_error, bva_description) VALUES (52, 56, -1, NULL, 'a', NULL, NULL, NULL, NULL, NULL, NULL, NULL, 0, 0, 0, 0, 0, NULL);


--
-- Data for Name: con_continent; Type: TABLE DATA; Schema: public; Owner: postgres
--

INSERT INTO public.con_continent (con_id, con_name, con_order) VALUES (1, 'Antarctica', NULL);
INSERT INTO public.con_continent (con_id, con_name, con_order) VALUES (2, 'North America', 2);
INSERT INTO public.con_continent (con_id, con_name, con_order) VALUES (3, 'South America', 3);
INSERT INTO public.con_continent (con_id, con_name, con_order) VALUES (4, 'Africa', 1);
INSERT INTO public.con_continent (con_id, con_name, con_order) VALUES (5, 'Asia', 4);
INSERT INTO public.con_continent (con_id, con_name, con_order) VALUES (6, 'Europe', 5);
INSERT INTO public.con_continent (con_id, con_name, con_order) VALUES (7, 'Oceania', 6);


--
-- Data for Name: cur_currency; Type: TABLE DATA; Schema: public; Owner: postgres
--

INSERT INTO public.cur_currency (cur_id, cur_symbol, cur_name, cur_full_name, cur_start, cur_end, cur_successor, cur_replacement_rate, cur_description, cur_name_plural) VALUES (130, NULL, 'Dinar', 'Libyan dinar', '1971-09-01', NULL, NULL, NULL, NULL, 'Dinars');
INSERT INTO public.cur_currency (cur_id, cur_symbol, cur_name, cur_full_name, cur_start, cur_end, cur_successor, cur_replacement_rate, cur_description, cur_name_plural) VALUES (13, '₳', 'Austral', 'Argentine austral', '1985-06-15', '1991-12-31', 16, NULL, NULL, NULL);
INSERT INTO public.cur_currency (cur_id, cur_symbol, cur_name, cur_full_name, cur_start, cur_end, cur_successor, cur_replacement_rate, cur_description, cur_name_plural) VALUES (6, 'L', 'Lek', 'Albanian lek', '1965', NULL, NULL, NULL, NULL, NULL);
INSERT INTO public.cur_currency (cur_id, cur_symbol, cur_name, cur_full_name, cur_start, cur_end, cur_successor, cur_replacement_rate, cur_description, cur_name_plural) VALUES (38, NULL, 'Real', NULL, '0', NULL, NULL, NULL, NULL, NULL);
INSERT INTO public.cur_currency (cur_id, cur_symbol, cur_name, cur_full_name, cur_start, cur_end, cur_successor, cur_replacement_rate, cur_description, cur_name_plural) VALUES (9, 'Kz', 'Kwanza', 'Angolan kwanza', '1999-12-01', NULL, NULL, NULL, NULL, NULL);
INSERT INTO public.cur_currency (cur_id, cur_symbol, cur_name, cur_full_name, cur_start, cur_end, cur_successor, cur_replacement_rate, cur_description, cur_name_plural) VALUES (10, 'Kz', 'Kwanza', 'Angolan kwanza', '1977-01-08', '1990-09-24', 11, 1, NULL, NULL);
INSERT INTO public.cur_currency (cur_id, cur_symbol, cur_name, cur_full_name, cur_start, cur_end, cur_successor, cur_replacement_rate, cur_description, cur_name_plural) VALUES (11, NULL, 'New Kwanza', NULL, '1990-09-25', '1995-06-30', 12, 1000, NULL, NULL);
INSERT INTO public.cur_currency (cur_id, cur_symbol, cur_name, cur_full_name, cur_start, cur_end, cur_successor, cur_replacement_rate, cur_description, cur_name_plural) VALUES (12, NULL, 'Kwanza reajustado', NULL, '1995-07-01', '1999-11-30', 9, 1e+06, NULL, NULL);
INSERT INTO public.cur_currency (cur_id, cur_symbol, cur_name, cur_full_name, cur_start, cur_end, cur_successor, cur_replacement_rate, cur_description, cur_name_plural) VALUES (17, NULL, 'Schilling', NULL, '1945', '2002-02-28', NULL, NULL, NULL, NULL);
INSERT INTO public.cur_currency (cur_id, cur_symbol, cur_name, cur_full_name, cur_start, cur_end, cur_successor, cur_replacement_rate, cur_description, cur_name_plural) VALUES (193, NULL, 'Leone', NULL, '0', NULL, NULL, NULL, NULL, NULL);
INSERT INTO public.cur_currency (cur_id, cur_symbol, cur_name, cur_full_name, cur_start, cur_end, cur_successor, cur_replacement_rate, cur_description, cur_name_plural) VALUES (20, NULL, 'Manat', NULL, '1992-08-15', '2006-01-01', 21, NULL, NULL, NULL);
INSERT INTO public.cur_currency (cur_id, cur_symbol, cur_name, cur_full_name, cur_start, cur_end, cur_successor, cur_replacement_rate, cur_description, cur_name_plural) VALUES (195, NULL, 'Shilling', NULL, '0', NULL, NULL, NULL, NULL, NULL);
INSERT INTO public.cur_currency (cur_id, cur_symbol, cur_name, cur_full_name, cur_start, cur_end, cur_successor, cur_replacement_rate, cur_description, cur_name_plural) VALUES (200, NULL, 'Dobra', NULL, '0', NULL, NULL, NULL, NULL, NULL);
INSERT INTO public.cur_currency (cur_id, cur_symbol, cur_name, cur_full_name, cur_start, cur_end, cur_successor, cur_replacement_rate, cur_description, cur_name_plural) VALUES (26, NULL, 'Franc', NULL, '1832', '2002-02-28', NULL, NULL, NULL, NULL);
INSERT INTO public.cur_currency (cur_id, cur_symbol, cur_name, cur_full_name, cur_start, cur_end, cur_successor, cur_replacement_rate, cur_description, cur_name_plural) VALUES (27, NULL, 'Lev', NULL, '1962', '1999-08-31', 28, NULL, NULL, NULL);
INSERT INTO public.cur_currency (cur_id, cur_symbol, cur_name, cur_full_name, cur_start, cur_end, cur_successor, cur_replacement_rate, cur_description, cur_name_plural) VALUES (202, NULL, 'Colón', NULL, '0', NULL, NULL, NULL, NULL, NULL);
INSERT INTO public.cur_currency (cur_id, cur_symbol, cur_name, cur_full_name, cur_start, cur_end, cur_successor, cur_replacement_rate, cur_description, cur_name_plural) VALUES (204, NULL, 'Lilangeni', NULL, '0', NULL, NULL, NULL, NULL, NULL);
INSERT INTO public.cur_currency (cur_id, cur_symbol, cur_name, cur_full_name, cur_start, cur_end, cur_successor, cur_replacement_rate, cur_description, cur_name_plural) VALUES (117, '₩', 'Won', NULL, '0', NULL, NULL, NULL, NULL, NULL);
INSERT INTO public.cur_currency (cur_id, cur_symbol, cur_name, cur_full_name, cur_start, cur_end, cur_successor, cur_replacement_rate, cur_description, cur_name_plural) VALUES (35, NULL, 'Cruzeiro', NULL, '1970', '1986-02-28', 36, NULL, NULL, NULL);
INSERT INTO public.cur_currency (cur_id, cur_symbol, cur_name, cur_full_name, cur_start, cur_end, cur_successor, cur_replacement_rate, cur_description, cur_name_plural) VALUES (36, NULL, 'Cruzado', NULL, '1986-02-28', '1989-01-15', 39, NULL, NULL, NULL);
INSERT INTO public.cur_currency (cur_id, cur_symbol, cur_name, cur_full_name, cur_start, cur_end, cur_successor, cur_replacement_rate, cur_description, cur_name_plural) VALUES (37, NULL, 'Cruzeiro', NULL, '1990-03-15', '1993-08-01', 40, NULL, NULL, NULL);
INSERT INTO public.cur_currency (cur_id, cur_symbol, cur_name, cur_full_name, cur_start, cur_end, cur_successor, cur_replacement_rate, cur_description, cur_name_plural) VALUES (122, NULL, 'Kip', NULL, '0', NULL, NULL, NULL, NULL, NULL);
INSERT INTO public.cur_currency (cur_id, cur_symbol, cur_name, cur_full_name, cur_start, cur_end, cur_successor, cur_replacement_rate, cur_description, cur_name_plural) VALUES (39, NULL, 'Cruzado Novo', NULL, '1989-01-16', '1990-03-15', 37, NULL, NULL, NULL);
INSERT INTO public.cur_currency (cur_id, cur_symbol, cur_name, cur_full_name, cur_start, cur_end, cur_successor, cur_replacement_rate, cur_description, cur_name_plural) VALUES (40, NULL, 'Cruzeiro Real', NULL, '1993-08-01', '1994-06-30', 38, NULL, NULL, NULL);
INSERT INTO public.cur_currency (cur_id, cur_symbol, cur_name, cur_full_name, cur_start, cur_end, cur_successor, cur_replacement_rate, cur_description, cur_name_plural) VALUES (124, NULL, 'Rupee', NULL, '0', NULL, NULL, NULL, NULL, NULL);
INSERT INTO public.cur_currency (cur_id, cur_symbol, cur_name, cur_full_name, cur_start, cur_end, cur_successor, cur_replacement_rate, cur_description, cur_name_plural) VALUES (44, NULL, 'Ruble', NULL, '1992', '1999-12-31', 46, NULL, NULL, NULL);
INSERT INTO public.cur_currency (cur_id, cur_symbol, cur_name, cur_full_name, cur_start, cur_end, cur_successor, cur_replacement_rate, cur_description, cur_name_plural) VALUES (126, NULL, 'Loti', NULL, '0', NULL, NULL, NULL, NULL, NULL);
INSERT INTO public.cur_currency (cur_id, cur_symbol, cur_name, cur_full_name, cur_start, cur_end, cur_successor, cur_replacement_rate, cur_description, cur_name_plural) VALUES (46, NULL, 'Ruble', NULL, '2000-01-01', '2016-06-30', 45, NULL, NULL, NULL);
INSERT INTO public.cur_currency (cur_id, cur_symbol, cur_name, cur_full_name, cur_start, cur_end, cur_successor, cur_replacement_rate, cur_description, cur_name_plural) VALUES (131, NULL, 'Dirham', NULL, '0', NULL, NULL, NULL, NULL, NULL);
INSERT INTO public.cur_currency (cur_id, cur_symbol, cur_name, cur_full_name, cur_start, cur_end, cur_successor, cur_replacement_rate, cur_description, cur_name_plural) VALUES (134, NULL, 'Leu', NULL, '0', NULL, NULL, NULL, NULL, NULL);
INSERT INTO public.cur_currency (cur_id, cur_symbol, cur_name, cur_full_name, cur_start, cur_end, cur_successor, cur_replacement_rate, cur_description, cur_name_plural) VALUES (140, NULL, 'Kyat', NULL, '0', NULL, NULL, NULL, NULL, NULL);
INSERT INTO public.cur_currency (cur_id, cur_symbol, cur_name, cur_full_name, cur_start, cur_end, cur_successor, cur_replacement_rate, cur_description, cur_name_plural) VALUES (141, NULL, 'Tögrög', NULL, '0', NULL, NULL, NULL, NULL, NULL);
INSERT INTO public.cur_currency (cur_id, cur_symbol, cur_name, cur_full_name, cur_start, cur_end, cur_successor, cur_replacement_rate, cur_description, cur_name_plural) VALUES (142, NULL, 'Pataca', NULL, '0', NULL, NULL, NULL, NULL, NULL);
INSERT INTO public.cur_currency (cur_id, cur_symbol, cur_name, cur_full_name, cur_start, cur_end, cur_successor, cur_replacement_rate, cur_description, cur_name_plural) VALUES (144, NULL, 'Ouguiya', NULL, '0', NULL, NULL, NULL, NULL, NULL);
INSERT INTO public.cur_currency (cur_id, cur_symbol, cur_name, cur_full_name, cur_start, cur_end, cur_successor, cur_replacement_rate, cur_description, cur_name_plural) VALUES (56, NULL, 'Koruna', NULL, '1919-04-10', '1993-02-08', NULL, NULL, NULL, NULL);
INSERT INTO public.cur_currency (cur_id, cur_symbol, cur_name, cur_full_name, cur_start, cur_end, cur_successor, cur_replacement_rate, cur_description, cur_name_plural) VALUES (146, NULL, 'Rupee', NULL, '0', NULL, NULL, NULL, NULL, NULL);
INSERT INTO public.cur_currency (cur_id, cur_symbol, cur_name, cur_full_name, cur_start, cur_end, cur_successor, cur_replacement_rate, cur_description, cur_name_plural) VALUES (147, NULL, 'Rupee', NULL, '0', '1981-12-31', 148, NULL, NULL, NULL);
INSERT INTO public.cur_currency (cur_id, cur_symbol, cur_name, cur_full_name, cur_start, cur_end, cur_successor, cur_replacement_rate, cur_description, cur_name_plural) VALUES (148, NULL, 'Rufiyaa', NULL, '0', NULL, NULL, NULL, NULL, NULL);
INSERT INTO public.cur_currency (cur_id, cur_symbol, cur_name, cur_full_name, cur_start, cur_end, cur_successor, cur_replacement_rate, cur_description, cur_name_plural) VALUES (149, NULL, 'Kwacha', NULL, '0', NULL, NULL, NULL, NULL, NULL);
INSERT INTO public.cur_currency (cur_id, cur_symbol, cur_name, cur_full_name, cur_start, cur_end, cur_successor, cur_replacement_rate, cur_description, cur_name_plural) VALUES (62, NULL, 'Mark', NULL, '1948-06-21', '1990-07-01', NULL, NULL, NULL, NULL);
INSERT INTO public.cur_currency (cur_id, cur_symbol, cur_name, cur_full_name, cur_start, cur_end, cur_successor, cur_replacement_rate, cur_description, cur_name_plural) VALUES (63, NULL, 'Mark', NULL, '1948', '2002-02-28', NULL, NULL, NULL, NULL);
INSERT INTO public.cur_currency (cur_id, cur_symbol, cur_name, cur_full_name, cur_start, cur_end, cur_successor, cur_replacement_rate, cur_description, cur_name_plural) VALUES (152, NULL, 'Ringgit', NULL, '0', NULL, NULL, NULL, NULL, NULL);
INSERT INTO public.cur_currency (cur_id, cur_symbol, cur_name, cur_full_name, cur_start, cur_end, cur_successor, cur_replacement_rate, cur_description, cur_name_plural) VALUES (154, NULL, 'Metical', NULL, '0', NULL, NULL, NULL, NULL, NULL);
INSERT INTO public.cur_currency (cur_id, cur_symbol, cur_name, cur_full_name, cur_start, cur_end, cur_successor, cur_replacement_rate, cur_description, cur_name_plural) VALUES (68, NULL, 'Sucre', NULL, '1884', '2000-02-29', 222, NULL, NULL, NULL);
INSERT INTO public.cur_currency (cur_id, cur_symbol, cur_name, cur_full_name, cur_start, cur_end, cur_successor, cur_replacement_rate, cur_description, cur_name_plural) VALUES (69, NULL, 'Kroon', NULL, '1992', '2010-01-01', NULL, NULL, NULL, NULL);
INSERT INTO public.cur_currency (cur_id, cur_symbol, cur_name, cur_full_name, cur_start, cur_end, cur_successor, cur_replacement_rate, cur_description, cur_name_plural) VALUES (8, 'ƒ', 'Guilder', 'Netherlands Antillean guilder', '0', NULL, NULL, NULL, NULL, NULL);
INSERT INTO public.cur_currency (cur_id, cur_symbol, cur_name, cur_full_name, cur_start, cur_end, cur_successor, cur_replacement_rate, cur_description, cur_name_plural) VALUES (19, 'ƒ', 'Florin', 'Aruban florin', '0', NULL, NULL, NULL, NULL, NULL);
INSERT INTO public.cur_currency (cur_id, cur_symbol, cur_name, cur_full_name, cur_start, cur_end, cur_successor, cur_replacement_rate, cur_description, cur_name_plural) VALUES (75, NULL, 'Markka', NULL, '1860', '2002-02-28', NULL, NULL, NULL, NULL);
INSERT INTO public.cur_currency (cur_id, cur_symbol, cur_name, cur_full_name, cur_start, cur_end, cur_successor, cur_replacement_rate, cur_description, cur_name_plural) VALUES (21, '₼', 'Manat', 'Azerbaijani manat', '0', NULL, NULL, NULL, NULL, NULL);
INSERT INTO public.cur_currency (cur_id, cur_symbol, cur_name, cur_full_name, cur_start, cur_end, cur_successor, cur_replacement_rate, cur_description, cur_name_plural) VALUES (23, 'KM', 'Convertible Mark', 'Bosnia and Herzegovina convertible mark', '0', NULL, NULL, NULL, NULL, NULL);
INSERT INTO public.cur_currency (cur_id, cur_symbol, cur_name, cur_full_name, cur_start, cur_end, cur_successor, cur_replacement_rate, cur_description, cur_name_plural) VALUES (78, 'F', 'Franc', 'French franc', '1960-01-01', '2002-02-28', NULL, NULL, NULL, NULL);
INSERT INTO public.cur_currency (cur_id, cur_symbol, cur_name, cur_full_name, cur_start, cur_end, cur_successor, cur_replacement_rate, cur_description, cur_name_plural) VALUES (81, NULL, 'Cedi', NULL, '1967', '2007-07-01', 82, NULL, NULL, NULL);
INSERT INTO public.cur_currency (cur_id, cur_symbol, cur_name, cur_full_name, cur_start, cur_end, cur_successor, cur_replacement_rate, cur_description, cur_name_plural) VALUES (25, NULL, 'Taka', 'Bangladeshi taka', '0', NULL, NULL, NULL, NULL, NULL);
INSERT INTO public.cur_currency (cur_id, cur_symbol, cur_name, cur_full_name, cur_start, cur_end, cur_successor, cur_replacement_rate, cur_description, cur_name_plural) VALUES (28, NULL, 'Lev', 'Bulgarian lev', '0', NULL, NULL, NULL, NULL, NULL);
INSERT INTO public.cur_currency (cur_id, cur_symbol, cur_name, cur_full_name, cur_start, cur_end, cur_successor, cur_replacement_rate, cur_description, cur_name_plural) VALUES (85, NULL, 'Syli', NULL, '1971', '1985-12-31', 86, NULL, NULL, NULL);
INSERT INTO public.cur_currency (cur_id, cur_symbol, cur_name, cur_full_name, cur_start, cur_end, cur_successor, cur_replacement_rate, cur_description, cur_name_plural) VALUES (30, NULL, 'Franc', 'Burundian franc', '0', NULL, NULL, NULL, NULL, NULL);
INSERT INTO public.cur_currency (cur_id, cur_symbol, cur_name, cur_full_name, cur_start, cur_end, cur_successor, cur_replacement_rate, cur_description, cur_name_plural) VALUES (87, NULL, 'Ekwele', NULL, '1975', '1985-12-31', 234, NULL, NULL, NULL);
INSERT INTO public.cur_currency (cur_id, cur_symbol, cur_name, cur_full_name, cur_start, cur_end, cur_successor, cur_replacement_rate, cur_description, cur_name_plural) VALUES (88, NULL, 'Drachma', NULL, '1954-05-01', '2001-01-01', NULL, NULL, NULL, NULL);
INSERT INTO public.cur_currency (cur_id, cur_symbol, cur_name, cur_full_name, cur_start, cur_end, cur_successor, cur_replacement_rate, cur_description, cur_name_plural) VALUES (33, NULL, 'Boliviano', 'Bolivian boliviano', '0', NULL, NULL, NULL, NULL, NULL);
INSERT INTO public.cur_currency (cur_id, cur_symbol, cur_name, cur_full_name, cur_start, cur_end, cur_successor, cur_replacement_rate, cur_description, cur_name_plural) VALUES (150, NULL, 'Peso', NULL, '0', NULL, NULL, NULL, NULL, 'Pesos');
INSERT INTO public.cur_currency (cur_id, cur_symbol, cur_name, cur_full_name, cur_start, cur_end, cur_successor, cur_replacement_rate, cur_description, cur_name_plural) VALUES (151, NULL, 'Peso', NULL, '0', '1993-03-31', 150, NULL, NULL, 'Pesos');
INSERT INTO public.cur_currency (cur_id, cur_symbol, cur_name, cur_full_name, cur_start, cur_end, cur_successor, cur_replacement_rate, cur_description, cur_name_plural) VALUES (90, NULL, 'Peso', NULL, '1975', '1997-05-31', 236, NULL, NULL, 'Pesos');
INSERT INTO public.cur_currency (cur_id, cur_symbol, cur_name, cur_full_name, cur_start, cur_end, cur_successor, cur_replacement_rate, cur_description, cur_name_plural) VALUES (34, NULL, 'Peso', 'Bolivian boliviano', '1963-01-01', '1987-01-01', 33, NULL, NULL, 'Pesos');
INSERT INTO public.cur_currency (cur_id, cur_symbol, cur_name, cur_full_name, cur_start, cur_end, cur_successor, cur_replacement_rate, cur_description, cur_name_plural) VALUES (16, '$', 'Peso', 'Argentine peso', '1992', NULL, NULL, NULL, NULL, 'Pesos');
INSERT INTO public.cur_currency (cur_id, cur_symbol, cur_name, cur_full_name, cur_start, cur_end, cur_successor, cur_replacement_rate, cur_description, cur_name_plural) VALUES (100, NULL, 'Lira', NULL, '1948', '1980-02-20', 101, NULL, NULL, NULL);
INSERT INTO public.cur_currency (cur_id, cur_symbol, cur_name, cur_full_name, cur_start, cur_end, cur_successor, cur_replacement_rate, cur_description, cur_name_plural) VALUES (101, NULL, 'Shekel', NULL, '1980-02-24', '1985-12-31', 102, NULL, NULL, NULL);
INSERT INTO public.cur_currency (cur_id, cur_symbol, cur_name, cur_full_name, cur_start, cur_end, cur_successor, cur_replacement_rate, cur_description, cur_name_plural) VALUES (137, NULL, 'Denar', 'Macedonian denar', '1993-05-01', NULL, NULL, NULL, NULL, NULL);
INSERT INTO public.cur_currency (cur_id, cur_symbol, cur_name, cur_full_name, cur_start, cur_end, cur_successor, cur_replacement_rate, cur_description, cur_name_plural) VALUES (15, NULL, 'Peso argentino', NULL, '1983-06-06', '1985-06-14', 13, NULL, NULL, 'Pesos');
INSERT INTO public.cur_currency (cur_id, cur_symbol, cur_name, cur_full_name, cur_start, cur_end, cur_successor, cur_replacement_rate, cur_description, cur_name_plural) VALUES (106, NULL, 'Krona', NULL, '1922', '1981-06-30', 107, NULL, NULL, NULL);
INSERT INTO public.cur_currency (cur_id, cur_symbol, cur_name, cur_full_name, cur_start, cur_end, cur_successor, cur_replacement_rate, cur_description, cur_name_plural) VALUES (55, NULL, 'Dinar', 'Serbian dinar', '2003-07-03', '2006-06-19', 178, NULL, NULL, 'Dinars');
INSERT INTO public.cur_currency (cur_id, cur_symbol, cur_name, cur_full_name, cur_start, cur_end, cur_successor, cur_replacement_rate, cur_description, cur_name_plural) VALUES (108, NULL, 'Lira', NULL, '1861', '2002-02-28', NULL, NULL, NULL, NULL);
INSERT INTO public.cur_currency (cur_id, cur_symbol, cur_name, cur_full_name, cur_start, cur_end, cur_successor, cur_replacement_rate, cur_description, cur_name_plural) VALUES (22, NULL, 'Dinar', 'Bosnia and Herzegovina dinar', '1992-07-01', '1998-02-04', 23, NULL, NULL, 'Dinars');
INSERT INTO public.cur_currency (cur_id, cur_symbol, cur_name, cur_full_name, cur_start, cur_end, cur_successor, cur_replacement_rate, cur_description, cur_name_plural) VALUES (29, NULL, 'Dinar', 'Bahraini dinar', '1965', NULL, NULL, NULL, NULL, 'Dinars');
INSERT INTO public.cur_currency (cur_id, cur_symbol, cur_name, cur_full_name, cur_start, cur_end, cur_successor, cur_replacement_rate, cur_description, cur_name_plural) VALUES (118, NULL, 'Dinar', 'Kuwaiti dinar', '1960', NULL, NULL, NULL, NULL, 'Dinars');
INSERT INTO public.cur_currency (cur_id, cur_symbol, cur_name, cur_full_name, cur_start, cur_end, cur_successor, cur_replacement_rate, cur_description, cur_name_plural) VALUES (282, NULL, 'Dinar', 'Serbian dinar', '1920', '1941', 281, 20, NULL, 'Dinars');
INSERT INTO public.cur_currency (cur_id, cur_symbol, cur_name, cur_full_name, cur_start, cur_end, cur_successor, cur_replacement_rate, cur_description, cur_name_plural) VALUES (281, NULL, 'Dinar', 'Federation dinar', '1944', '1965', 240, 100, NULL, 'Dinars');
INSERT INTO public.cur_currency (cur_id, cur_symbol, cur_name, cur_full_name, cur_start, cur_end, cur_successor, cur_replacement_rate, cur_description, cur_name_plural) VALUES (94, NULL, 'Dinar', 'Croatian dinar', '1991-12-23', '1994-05-30', 95, NULL, NULL, 'Dinars');
INSERT INTO public.cur_currency (cur_id, cur_symbol, cur_name, cur_full_name, cur_start, cur_end, cur_successor, cur_replacement_rate, cur_description, cur_name_plural) VALUES (125, '$', 'Dollar', NULL, '0', NULL, NULL, NULL, NULL, 'Dollars');
INSERT INTO public.cur_currency (cur_id, cur_symbol, cur_name, cur_full_name, cur_start, cur_end, cur_successor, cur_replacement_rate, cur_description, cur_name_plural) VALUES (189, '$', 'Dollar', NULL, '0', NULL, NULL, NULL, NULL, 'Dollars');
INSERT INTO public.cur_currency (cur_id, cur_symbol, cur_name, cur_full_name, cur_start, cur_end, cur_successor, cur_replacement_rate, cur_description, cur_name_plural) VALUES (196, '$', 'Dollar', NULL, '0', NULL, NULL, NULL, NULL, 'Dollars');
INSERT INTO public.cur_currency (cur_id, cur_symbol, cur_name, cur_full_name, cur_start, cur_end, cur_successor, cur_replacement_rate, cur_description, cur_name_plural) VALUES (119, '$', 'Dollar', NULL, '0', NULL, NULL, NULL, NULL, 'Dollars');
INSERT INTO public.cur_currency (cur_id, cur_symbol, cur_name, cur_full_name, cur_start, cur_end, cur_successor, cur_replacement_rate, cur_description, cur_name_plural) VALUES (14, NULL, 'Peso ley', NULL, '1970-01-01', '1983-05-05', 15, NULL, NULL, 'Pesos');
INSERT INTO public.cur_currency (cur_id, cur_symbol, cur_name, cur_full_name, cur_start, cur_end, cur_successor, cur_replacement_rate, cur_description, cur_name_plural) VALUES (123, NULL, 'Pound', NULL, '0', NULL, NULL, NULL, NULL, 'Pounds');
INSERT INTO public.cur_currency (cur_id, cur_symbol, cur_name, cur_full_name, cur_start, cur_end, cur_successor, cur_replacement_rate, cur_description, cur_name_plural) VALUES (203, NULL, 'Pound', NULL, '0', NULL, NULL, NULL, NULL, 'Pounds');
INSERT INTO public.cur_currency (cur_id, cur_symbol, cur_name, cur_full_name, cur_start, cur_end, cur_successor, cur_replacement_rate, cur_description, cur_name_plural) VALUES (198, NULL, 'Pound', NULL, '0', NULL, NULL, NULL, NULL, 'Pounds');
INSERT INTO public.cur_currency (cur_id, cur_symbol, cur_name, cur_full_name, cur_start, cur_end, cur_successor, cur_replacement_rate, cur_description, cur_name_plural) VALUES (190, NULL, 'Pound', NULL, '0', NULL, NULL, NULL, NULL, 'Pounds');
INSERT INTO public.cur_currency (cur_id, cur_symbol, cur_name, cur_full_name, cur_start, cur_end, cur_successor, cur_replacement_rate, cur_description, cur_name_plural) VALUES (60, NULL, 'Pound', NULL, '1879', '2006-01-01', NULL, NULL, NULL, 'Pounds');
INSERT INTO public.cur_currency (cur_id, cur_symbol, cur_name, cur_full_name, cur_start, cur_end, cur_successor, cur_replacement_rate, cur_description, cur_name_plural) VALUES (79, '£', 'Pound', 'Pound sterling', '760', NULL, NULL, NULL, NULL, 'Pounds');
INSERT INTO public.cur_currency (cur_id, cur_symbol, cur_name, cur_full_name, cur_start, cur_end, cur_successor, cur_replacement_rate, cur_description, cur_name_plural) VALUES (99, NULL, 'Pound', NULL, '1938', '2002-02-28', NULL, NULL, NULL, 'Pounds');
INSERT INTO public.cur_currency (cur_id, cur_symbol, cur_name, cur_full_name, cur_start, cur_end, cur_successor, cur_replacement_rate, cur_description, cur_name_plural) VALUES (121, NULL, 'Kip', NULL, '1965', '1979-12-31', 122, NULL, NULL, NULL);
INSERT INTO public.cur_currency (cur_id, cur_symbol, cur_name, cur_full_name, cur_start, cur_end, cur_successor, cur_replacement_rate, cur_description, cur_name_plural) VALUES (127, NULL, 'Litas', NULL, '1993', '2015-01-01', NULL, NULL, NULL, NULL);
INSERT INTO public.cur_currency (cur_id, cur_symbol, cur_name, cur_full_name, cur_start, cur_end, cur_successor, cur_replacement_rate, cur_description, cur_name_plural) VALUES (128, NULL, 'Franc', NULL, '1944', '2002-02-28', NULL, NULL, NULL, NULL);
INSERT INTO public.cur_currency (cur_id, cur_symbol, cur_name, cur_full_name, cur_start, cur_end, cur_successor, cur_replacement_rate, cur_description, cur_name_plural) VALUES (129, NULL, 'Lats', NULL, '1992', '2013-01-01', NULL, NULL, NULL, NULL);
INSERT INTO public.cur_currency (cur_id, cur_symbol, cur_name, cur_full_name, cur_start, cur_end, cur_successor, cur_replacement_rate, cur_description, cur_name_plural) VALUES (132, NULL, 'Franc', NULL, '1921', '1976', 131, NULL, NULL, NULL);
INSERT INTO public.cur_currency (cur_id, cur_symbol, cur_name, cur_full_name, cur_start, cur_end, cur_successor, cur_replacement_rate, cur_description, cur_name_plural) VALUES (133, NULL, 'Franc', NULL, '1960', '1995-03-31', 78, NULL, NULL, NULL);
INSERT INTO public.cur_currency (cur_id, cur_symbol, cur_name, cur_full_name, cur_start, cur_end, cur_successor, cur_replacement_rate, cur_description, cur_name_plural) VALUES (139, NULL, 'Franc', NULL, '1962', '1984-01-01', 236, NULL, NULL, NULL);
INSERT INTO public.cur_currency (cur_id, cur_symbol, cur_name, cur_full_name, cur_start, cur_end, cur_successor, cur_replacement_rate, cur_description, cur_name_plural) VALUES (143, NULL, 'Ouguiya', NULL, '1973-06-29', '2018-01-01', 144, NULL, NULL, NULL);
INSERT INTO public.cur_currency (cur_id, cur_symbol, cur_name, cur_full_name, cur_start, cur_end, cur_successor, cur_replacement_rate, cur_description, cur_name_plural) VALUES (145, NULL, 'Lira', NULL, '1972-05-26', '2006-01-01', NULL, NULL, NULL, NULL);
INSERT INTO public.cur_currency (cur_id, cur_symbol, cur_name, cur_full_name, cur_start, cur_end, cur_successor, cur_replacement_rate, cur_description, cur_name_plural) VALUES (153, NULL, 'Metical', NULL, '1980', '2006-06-30', 154, NULL, NULL, NULL);
INSERT INTO public.cur_currency (cur_id, cur_symbol, cur_name, cur_full_name, cur_start, cur_end, cur_successor, cur_replacement_rate, cur_description, cur_name_plural) VALUES (138, NULL, 'Denar', 'Macedonian denar', '1992-04-27', '1993-06-30', 137, NULL, NULL, NULL);
INSERT INTO public.cur_currency (cur_id, cur_symbol, cur_name, cur_full_name, cur_start, cur_end, cur_successor, cur_replacement_rate, cur_description, cur_name_plural) VALUES (157, NULL, 'Córdoba', NULL, '1988', '1990-10-31', 158, NULL, NULL, NULL);
INSERT INTO public.cur_currency (cur_id, cur_symbol, cur_name, cur_full_name, cur_start, cur_end, cur_successor, cur_replacement_rate, cur_description, cur_name_plural) VALUES (224, NULL, 'Peso', NULL, '1896', '1975-07-01', 223, NULL, NULL, 'Pesos');
INSERT INTO public.cur_currency (cur_id, cur_symbol, cur_name, cur_full_name, cur_start, cur_end, cur_successor, cur_replacement_rate, cur_description, cur_name_plural) VALUES (159, NULL, 'Guilder', NULL, '1810', '2002-02-28', NULL, NULL, NULL, NULL);
INSERT INTO public.cur_currency (cur_id, cur_symbol, cur_name, cur_full_name, cur_start, cur_end, cur_successor, cur_replacement_rate, cur_description, cur_name_plural) VALUES (169, NULL, 'Peso', NULL, '0', NULL, NULL, NULL, NULL, 'Pesos');
INSERT INTO public.cur_currency (cur_id, cur_symbol, cur_name, cur_full_name, cur_start, cur_end, cur_successor, cur_replacement_rate, cur_description, cur_name_plural) VALUES (72, 'Pta', 'Peseta', 'Spanish peseta', '1869', '2002-02-28', 74, 166.386, 'The name of the currency comes from "pesseta", a Catalan diminutive of the Catalan word peça (meaning piece or fraction) or the Spanish Peso. The word peseta has been known as early as 1737 to colloquially refer to the coin worth 2 reales provincial or ​1⁄5 of a peso.
It was formally introduced as a currency unit in 1868, with 1 peso duro = 5 pesetas. The peseta replaced all previous currencies denominated in silver escudos and reales de vellon at a rate of 5 pesetas = 1 peso duro = 2 silver escudos = 20 reales de vellón.', 'Pesetas');
INSERT INTO public.cur_currency (cur_id, cur_symbol, cur_name, cur_full_name, cur_start, cur_end, cur_successor, cur_replacement_rate, cur_description, cur_name_plural) VALUES (238, NULL, 'Dinar', 'South Yemeni dinar', '1965', '1996-06-11', NULL, NULL, NULL, 'Dinars');
INSERT INTO public.cur_currency (cur_id, cur_symbol, cur_name, cur_full_name, cur_start, cur_end, cur_successor, cur_replacement_rate, cur_description, cur_name_plural) VALUES (240, NULL, 'Dinar', 'Yugoslav dinar', '1966-01-01', '1989-12-31', NULL, NULL, NULL, 'Dinars');
INSERT INTO public.cur_currency (cur_id, cur_symbol, cur_name, cur_full_name, cur_start, cur_end, cur_successor, cur_replacement_rate, cur_description, cur_name_plural) VALUES (241, NULL, 'Dinar', 'Yugoslav dinar', '1994-01-01', '1994-01-23', NULL, NULL, NULL, 'Dinars');
INSERT INTO public.cur_currency (cur_id, cur_symbol, cur_name, cur_full_name, cur_start, cur_end, cur_successor, cur_replacement_rate, cur_description, cur_name_plural) VALUES (166, NULL, 'Inti', NULL, '1985-02-01', '1991-10-01', 167, NULL, NULL, NULL);
INSERT INTO public.cur_currency (cur_id, cur_symbol, cur_name, cur_full_name, cur_start, cur_end, cur_successor, cur_replacement_rate, cur_description, cur_name_plural) VALUES (242, NULL, 'Dinar', 'Yugoslav dinar', '1994-01-24', '2003-07-02', NULL, NULL, NULL, 'Dinars');
INSERT INTO public.cur_currency (cur_id, cur_symbol, cur_name, cur_full_name, cur_start, cur_end, cur_successor, cur_replacement_rate, cur_description, cur_name_plural) VALUES (243, NULL, 'Dinar', 'Yugoslav dinar', '1990-01-01', '1992-06-30', NULL, NULL, NULL, 'Dinars');
INSERT INTO public.cur_currency (cur_id, cur_symbol, cur_name, cur_full_name, cur_start, cur_end, cur_successor, cur_replacement_rate, cur_description, cur_name_plural) VALUES (244, NULL, 'Dinar', 'Yugoslav dinar', '1993-10-01', '1993-12-31', NULL, NULL, NULL, 'Dinars');
INSERT INTO public.cur_currency (cur_id, cur_symbol, cur_name, cur_full_name, cur_start, cur_end, cur_successor, cur_replacement_rate, cur_description, cur_name_plural) VALUES (4, '؋', 'Afghani', 'Afghan afghani', '1925', '2002', 5, NULL, NULL, NULL);
INSERT INTO public.cur_currency (cur_id, cur_symbol, cur_name, cur_full_name, cur_start, cur_end, cur_successor, cur_replacement_rate, cur_description, cur_name_plural) VALUES (187, NULL, 'Pound', NULL, '1956', '1992-06-08', 185, NULL, NULL, 'Pounds');
INSERT INTO public.cur_currency (cur_id, cur_symbol, cur_name, cur_full_name, cur_start, cur_end, cur_successor, cur_replacement_rate, cur_description, cur_name_plural) VALUES (172, NULL, 'Zloty', NULL, '1950-10-30', '1994-12-31', 171, NULL, NULL, NULL);
INSERT INTO public.cur_currency (cur_id, cur_symbol, cur_name, cur_full_name, cur_start, cur_end, cur_successor, cur_replacement_rate, cur_description, cur_name_plural) VALUES (173, NULL, 'Escudo', NULL, '1911-05-22', '2002-02-28', NULL, NULL, NULL, NULL);
INSERT INTO public.cur_currency (cur_id, cur_symbol, cur_name, cur_full_name, cur_start, cur_end, cur_successor, cur_replacement_rate, cur_description, cur_name_plural) VALUES (186, NULL, 'Pound', NULL, '0', NULL, NULL, NULL, NULL, 'Pounds');
INSERT INTO public.cur_currency (cur_id, cur_symbol, cur_name, cur_full_name, cur_start, cur_end, cur_successor, cur_replacement_rate, cur_description, cur_name_plural) VALUES (175, NULL, 'Riyal', NULL, '1973-05-19', NULL, NULL, NULL, NULL, NULL);
INSERT INTO public.cur_currency (cur_id, cur_symbol, cur_name, cur_full_name, cur_start, cur_end, cur_successor, cur_replacement_rate, cur_description, cur_name_plural) VALUES (176, NULL, 'Leu', NULL, '1952-01-28', '2005', 177, NULL, NULL, NULL);
INSERT INTO public.cur_currency (cur_id, cur_symbol, cur_name, cur_full_name, cur_start, cur_end, cur_successor, cur_replacement_rate, cur_description, cur_name_plural) VALUES (167, NULL, 'Sol', NULL, '0', NULL, NULL, NULL, NULL, 'Soles');
INSERT INTO public.cur_currency (cur_id, cur_symbol, cur_name, cur_full_name, cur_start, cur_end, cur_successor, cur_replacement_rate, cur_description, cur_name_plural) VALUES (165, NULL, 'Sol', NULL, '1863', '1985-02-01', 166, NULL, NULL, 'Soles');
INSERT INTO public.cur_currency (cur_id, cur_symbol, cur_name, cur_full_name, cur_start, cur_end, cur_successor, cur_replacement_rate, cur_description, cur_name_plural) VALUES (180, NULL, 'Ruble', NULL, '1992', '1997-12-31', 179, NULL, NULL, NULL);
INSERT INTO public.cur_currency (cur_id, cur_symbol, cur_name, cur_full_name, cur_start, cur_end, cur_successor, cur_replacement_rate, cur_description, cur_name_plural) VALUES (245, NULL, 'Dinar', 'Yugoslav dinar', '1992-07-01', '1993-09-30', NULL, NULL, NULL, 'Dinars');
INSERT INTO public.cur_currency (cur_id, cur_symbol, cur_name, cur_full_name, cur_start, cur_end, cur_successor, cur_replacement_rate, cur_description, cur_name_plural) VALUES (178, NULL, 'Dinar', 'Serbian dinar', '2006', NULL, NULL, NULL, NULL, 'Dinars');
INSERT INTO public.cur_currency (cur_id, cur_symbol, cur_name, cur_full_name, cur_start, cur_end, cur_successor, cur_replacement_rate, cur_description, cur_name_plural) VALUES (185, NULL, 'Dinar', 'Sudanese dinar', '1992-06-08', '2007-01-10', 186, NULL, NULL, 'Dinars');
INSERT INTO public.cur_currency (cur_id, cur_symbol, cur_name, cur_full_name, cur_start, cur_end, cur_successor, cur_replacement_rate, cur_description, cur_name_plural) VALUES (18, '$', 'Dollar', 'Australian dollar', '0', NULL, NULL, NULL, NULL, 'Dollars');
INSERT INTO public.cur_currency (cur_id, cur_symbol, cur_name, cur_full_name, cur_start, cur_end, cur_successor, cur_replacement_rate, cur_description, cur_name_plural) VALUES (24, '$', 'Dollar', 'Barbadian dollar', '0', NULL, NULL, NULL, NULL, 'Dollars');
INSERT INTO public.cur_currency (cur_id, cur_symbol, cur_name, cur_full_name, cur_start, cur_end, cur_successor, cur_replacement_rate, cur_description, cur_name_plural) VALUES (191, NULL, 'Tolar', NULL, '1991-10-08', '2005-01-01', NULL, NULL, NULL, NULL);
INSERT INTO public.cur_currency (cur_id, cur_symbol, cur_name, cur_full_name, cur_start, cur_end, cur_successor, cur_replacement_rate, cur_description, cur_name_plural) VALUES (192, NULL, 'Koruna', NULL, '1993-02-08', '2007-01-01', NULL, NULL, NULL, NULL);
INSERT INTO public.cur_currency (cur_id, cur_symbol, cur_name, cur_full_name, cur_start, cur_end, cur_successor, cur_replacement_rate, cur_description, cur_name_plural) VALUES (31, '$', 'Dollar', 'Bermudian dollar', '0', NULL, NULL, NULL, NULL, 'Dollars');
INSERT INTO public.cur_currency (cur_id, cur_symbol, cur_name, cur_full_name, cur_start, cur_end, cur_successor, cur_replacement_rate, cur_description, cur_name_plural) VALUES (194, NULL, 'Lira', NULL, '1864', '1992-08-31', 108, NULL, NULL, NULL);
INSERT INTO public.cur_currency (cur_id, cur_symbol, cur_name, cur_full_name, cur_start, cur_end, cur_successor, cur_replacement_rate, cur_description, cur_name_plural) VALUES (32, '$', 'Dollar', 'Brunei dollar', '0', NULL, NULL, NULL, NULL, 'Dollars');
INSERT INTO public.cur_currency (cur_id, cur_symbol, cur_name, cur_full_name, cur_start, cur_end, cur_successor, cur_replacement_rate, cur_description, cur_name_plural) VALUES (155, '$', 'Dollar', NULL, '0', NULL, NULL, NULL, NULL, 'Dollars');
INSERT INTO public.cur_currency (cur_id, cur_symbol, cur_name, cur_full_name, cur_start, cur_end, cur_successor, cur_replacement_rate, cur_description, cur_name_plural) VALUES (197, NULL, 'Guilder', NULL, '1942', '2004', 196, NULL, NULL, NULL);
INSERT INTO public.cur_currency (cur_id, cur_symbol, cur_name, cur_full_name, cur_start, cur_end, cur_successor, cur_replacement_rate, cur_description, cur_name_plural) VALUES (162, '$', 'Dollar', NULL, '0', NULL, NULL, NULL, NULL, 'Dollars');
INSERT INTO public.cur_currency (cur_id, cur_symbol, cur_name, cur_full_name, cur_start, cur_end, cur_successor, cur_replacement_rate, cur_description, cur_name_plural) VALUES (199, NULL, 'Dobra', NULL, '1977', '2018-04-01', 200, NULL, NULL, NULL);
INSERT INTO public.cur_currency (cur_id, cur_symbol, cur_name, cur_full_name, cur_start, cur_end, cur_successor, cur_replacement_rate, cur_description, cur_name_plural) VALUES (183, '$', 'Dollar', NULL, '0', NULL, NULL, NULL, NULL, 'Dollars');
INSERT INTO public.cur_currency (cur_id, cur_symbol, cur_name, cur_full_name, cur_start, cur_end, cur_successor, cur_replacement_rate, cur_description, cur_name_plural) VALUES (201, NULL, 'Ruble', NULL, '1961', '1991-12-26', NULL, NULL, NULL, NULL);
INSERT INTO public.cur_currency (cur_id, cur_symbol, cur_name, cur_full_name, cur_start, cur_end, cur_successor, cur_replacement_rate, cur_description, cur_name_plural) VALUES (206, NULL, 'Ruble', NULL, '1995-05-10', '2000-10-30', 207, NULL, NULL, NULL);
INSERT INTO public.cur_currency (cur_id, cur_symbol, cur_name, cur_full_name, cur_start, cur_end, cur_successor, cur_replacement_rate, cur_description, cur_name_plural) VALUES (208, NULL, 'Manat', NULL, '1993-11-01', '2008-12-31', 209, NULL, NULL, NULL);
INSERT INTO public.cur_currency (cur_id, cur_symbol, cur_name, cur_full_name, cur_start, cur_end, cur_successor, cur_replacement_rate, cur_description, cur_name_plural) VALUES (212, NULL, 'Escudo', NULL, '1959', '1976', 222, NULL, NULL, NULL);
INSERT INTO public.cur_currency (cur_id, cur_symbol, cur_name, cur_full_name, cur_start, cur_end, cur_successor, cur_replacement_rate, cur_description, cur_name_plural) VALUES (213, NULL, 'Lira', NULL, '1843', '2005-12-31', 214, NULL, NULL, NULL);
INSERT INTO public.cur_currency (cur_id, cur_symbol, cur_name, cur_full_name, cur_start, cur_end, cur_successor, cur_replacement_rate, cur_description, cur_name_plural) VALUES (219, NULL, 'Karbovanets', NULL, '1992-10-01', '1996-09-01', 218, NULL, NULL, NULL);
INSERT INTO public.cur_currency (cur_id, cur_symbol, cur_name, cur_full_name, cur_start, cur_end, cur_successor, cur_replacement_rate, cur_description, cur_name_plural) VALUES (220, NULL, 'Shilling', NULL, '1966', '1987-12-31', 221, NULL, NULL, NULL);
INSERT INTO public.cur_currency (cur_id, cur_symbol, cur_name, cur_full_name, cur_start, cur_end, cur_successor, cur_replacement_rate, cur_description, cur_name_plural) VALUES (223, NULL, 'New Peso', NULL, '1975-07-01', '1993-03-01', 225, NULL, NULL, NULL);
INSERT INTO public.cur_currency (cur_id, cur_symbol, cur_name, cur_full_name, cur_start, cur_end, cur_successor, cur_replacement_rate, cur_description, cur_name_plural) VALUES (279, NULL, 'Silver Escudo', 'Silver Escudo', '1864', '1868', 72, 0.4, 'The silver escudo was one of the currencies of Spain between 1864 and 1869. Some coins and banknotes were produced up to 1873. It was subdivided into 100 céntimos de escudo. The escudo replaced the real de vellon at a rate of 10 reales de vellon = 1 escudo.', NULL);
INSERT INTO public.cur_currency (cur_id, cur_symbol, cur_name, cur_full_name, cur_start, cur_end, cur_successor, cur_replacement_rate, cur_description, cur_name_plural) VALUES (227, NULL, 'Lira', NULL, '1929', '1994-12-31', 108, NULL, NULL, NULL);
INSERT INTO public.cur_currency (cur_id, cur_symbol, cur_name, cur_full_name, cur_start, cur_end, cur_successor, cur_replacement_rate, cur_description, cur_name_plural) VALUES (228, NULL, 'Bolívar', NULL, '1879-03-31', '2008-01-01', 229, NULL, NULL, NULL);
INSERT INTO public.cur_currency (cur_id, cur_symbol, cur_name, cur_full_name, cur_start, cur_end, cur_successor, cur_replacement_rate, cur_description, cur_name_plural) VALUES (229, NULL, 'Bolívar fuerte', NULL, '2008-01-01', '2018-08-20', 230, NULL, NULL, NULL);
INSERT INTO public.cur_currency (cur_id, cur_symbol, cur_name, cur_full_name, cur_start, cur_end, cur_successor, cur_replacement_rate, cur_description, cur_name_plural) VALUES (280, NULL, 'Real de Vellon', 'Real de Vellon', '1600', '1864', 279, 10, 'The Real de vellón was introduced in 1600 (made of billon, or less than half silver). In 1737 was fixed at ​1⁄20 dollar and equal to 34 maravedíes (hence 1 dollar = 20 reales = 680 maravedíes)', NULL);
INSERT INTO public.cur_currency (cur_id, cur_symbol, cur_name, cur_full_name, cur_start, cur_end, cur_successor, cur_replacement_rate, cur_description, cur_name_plural) VALUES (164, 'B/.', 'Balboa', 'Panamanian balboa', '1904', NULL, NULL, NULL, NULL, NULL);
INSERT INTO public.cur_currency (cur_id, cur_symbol, cur_name, cur_full_name, cur_start, cur_end, cur_successor, cur_replacement_rate, cur_description, cur_name_plural) VALUES (136, 'MF', 'Franc', 'Malagasy franc', '1963-07-01', '2005-01-01', 135, 5, NULL, NULL);
INSERT INTO public.cur_currency (cur_id, cur_symbol, cur_name, cur_full_name, cur_start, cur_end, cur_successor, cur_replacement_rate, cur_description, cur_name_plural) VALUES (120, NULL, 'Tenge', NULL, '0', NULL, NULL, NULL, NULL, NULL);
INSERT INTO public.cur_currency (cur_id, cur_symbol, cur_name, cur_full_name, cur_start, cur_end, cur_successor, cur_replacement_rate, cur_description, cur_name_plural) VALUES (156, NULL, 'Naira', NULL, '0', NULL, NULL, NULL, NULL, NULL);
INSERT INTO public.cur_currency (cur_id, cur_symbol, cur_name, cur_full_name, cur_start, cur_end, cur_successor, cur_replacement_rate, cur_description, cur_name_plural) VALUES (158, NULL, 'Córdoba', NULL, '0', NULL, NULL, NULL, NULL, NULL);
INSERT INTO public.cur_currency (cur_id, cur_symbol, cur_name, cur_full_name, cur_start, cur_end, cur_successor, cur_replacement_rate, cur_description, cur_name_plural) VALUES (160, NULL, 'Krone', NULL, '0', NULL, NULL, NULL, NULL, NULL);
INSERT INTO public.cur_currency (cur_id, cur_symbol, cur_name, cur_full_name, cur_start, cur_end, cur_successor, cur_replacement_rate, cur_description, cur_name_plural) VALUES (161, NULL, 'Rupee', NULL, '0', NULL, NULL, NULL, NULL, NULL);
INSERT INTO public.cur_currency (cur_id, cur_symbol, cur_name, cur_full_name, cur_start, cur_end, cur_successor, cur_replacement_rate, cur_description, cur_name_plural) VALUES (247, NULL, 'Kwacha', NULL, '1968-01-16', '2013-01-01', NULL, NULL, NULL, NULL);
INSERT INTO public.cur_currency (cur_id, cur_symbol, cur_name, cur_full_name, cur_start, cur_end, cur_successor, cur_replacement_rate, cur_description, cur_name_plural) VALUES (163, NULL, 'Rial', NULL, '0', NULL, NULL, NULL, NULL, NULL);
INSERT INTO public.cur_currency (cur_id, cur_symbol, cur_name, cur_full_name, cur_start, cur_end, cur_successor, cur_replacement_rate, cur_description, cur_name_plural) VALUES (249, NULL, 'New Zaire', NULL, '1993', '1997', NULL, NULL, NULL, NULL);
INSERT INTO public.cur_currency (cur_id, cur_symbol, cur_name, cur_full_name, cur_start, cur_end, cur_successor, cur_replacement_rate, cur_description, cur_name_plural) VALUES (250, NULL, 'Zaïre', NULL, '1967', '1993', NULL, NULL, NULL, NULL);
INSERT INTO public.cur_currency (cur_id, cur_symbol, cur_name, cur_full_name, cur_start, cur_end, cur_successor, cur_replacement_rate, cur_description, cur_name_plural) VALUES (168, NULL, 'Kina', NULL, '0', NULL, NULL, NULL, NULL, NULL);
INSERT INTO public.cur_currency (cur_id, cur_symbol, cur_name, cur_full_name, cur_start, cur_end, cur_successor, cur_replacement_rate, cur_description, cur_name_plural) VALUES (170, NULL, 'Rupee', NULL, '0', NULL, NULL, NULL, NULL, NULL);
INSERT INTO public.cur_currency (cur_id, cur_symbol, cur_name, cur_full_name, cur_start, cur_end, cur_successor, cur_replacement_rate, cur_description, cur_name_plural) VALUES (171, NULL, 'Zloty', NULL, '0', NULL, NULL, NULL, NULL, NULL);
INSERT INTO public.cur_currency (cur_id, cur_symbol, cur_name, cur_full_name, cur_start, cur_end, cur_successor, cur_replacement_rate, cur_description, cur_name_plural) VALUES (174, NULL, 'Guaraní', NULL, '0', NULL, NULL, NULL, NULL, NULL);
INSERT INTO public.cur_currency (cur_id, cur_symbol, cur_name, cur_full_name, cur_start, cur_end, cur_successor, cur_replacement_rate, cur_description, cur_name_plural) VALUES (177, NULL, 'Leu', NULL, '0', NULL, NULL, NULL, NULL, NULL);
INSERT INTO public.cur_currency (cur_id, cur_symbol, cur_name, cur_full_name, cur_start, cur_end, cur_successor, cur_replacement_rate, cur_description, cur_name_plural) VALUES (179, NULL, 'Ruble', NULL, '0', NULL, NULL, NULL, NULL, NULL);
INSERT INTO public.cur_currency (cur_id, cur_symbol, cur_name, cur_full_name, cur_start, cur_end, cur_successor, cur_replacement_rate, cur_description, cur_name_plural) VALUES (181, NULL, 'Franc', NULL, '0', NULL, NULL, NULL, NULL, NULL);
INSERT INTO public.cur_currency (cur_id, cur_symbol, cur_name, cur_full_name, cur_start, cur_end, cur_successor, cur_replacement_rate, cur_description, cur_name_plural) VALUES (182, NULL, 'Riyal', NULL, '0', NULL, NULL, NULL, NULL, NULL);
INSERT INTO public.cur_currency (cur_id, cur_symbol, cur_name, cur_full_name, cur_start, cur_end, cur_successor, cur_replacement_rate, cur_description, cur_name_plural) VALUES (184, NULL, 'Rupee', NULL, '0', NULL, NULL, NULL, NULL, NULL);
INSERT INTO public.cur_currency (cur_id, cur_symbol, cur_name, cur_full_name, cur_start, cur_end, cur_successor, cur_replacement_rate, cur_description, cur_name_plural) VALUES (188, NULL, 'Krona', NULL, '0', NULL, NULL, NULL, NULL, NULL);
INSERT INTO public.cur_currency (cur_id, cur_symbol, cur_name, cur_full_name, cur_start, cur_end, cur_successor, cur_replacement_rate, cur_description, cur_name_plural) VALUES (135, 'Ar', 'Ariary', 'Malagasy ariary', '2005-01-01', NULL, NULL, NULL, NULL, NULL);
INSERT INTO public.cur_currency (cur_id, cur_symbol, cur_name, cur_full_name, cur_start, cur_end, cur_successor, cur_replacement_rate, cur_description, cur_name_plural) VALUES (73, 'ብር', 'Birr', 'Ethiopian birr', '1893', NULL, NULL, NULL, NULL, NULL);
INSERT INTO public.cur_currency (cur_id, cur_symbol, cur_name, cur_full_name, cur_start, cur_end, cur_successor, cur_replacement_rate, cur_description, cur_name_plural) VALUES (42, NULL, 'Ngultrum', NULL, '0', NULL, NULL, NULL, NULL, NULL);
INSERT INTO public.cur_currency (cur_id, cur_symbol, cur_name, cur_full_name, cur_start, cur_end, cur_successor, cur_replacement_rate, cur_description, cur_name_plural) VALUES (43, NULL, 'Pula', NULL, '0', NULL, NULL, NULL, NULL, NULL);
INSERT INTO public.cur_currency (cur_id, cur_symbol, cur_name, cur_full_name, cur_start, cur_end, cur_successor, cur_replacement_rate, cur_description, cur_name_plural) VALUES (45, NULL, 'New Ruble', NULL, '0', NULL, NULL, NULL, NULL, NULL);
INSERT INTO public.cur_currency (cur_id, cur_symbol, cur_name, cur_full_name, cur_start, cur_end, cur_successor, cur_replacement_rate, cur_description, cur_name_plural) VALUES (49, NULL, 'Franc', NULL, '0', NULL, NULL, NULL, NULL, NULL);
INSERT INTO public.cur_currency (cur_id, cur_symbol, cur_name, cur_full_name, cur_start, cur_end, cur_successor, cur_replacement_rate, cur_description, cur_name_plural) VALUES (50, NULL, 'Franc', NULL, '0', NULL, NULL, NULL, NULL, NULL);
INSERT INTO public.cur_currency (cur_id, cur_symbol, cur_name, cur_full_name, cur_start, cur_end, cur_successor, cur_replacement_rate, cur_description, cur_name_plural) VALUES (52, NULL, 'Yuan', NULL, '0', NULL, NULL, NULL, NULL, NULL);
INSERT INTO public.cur_currency (cur_id, cur_symbol, cur_name, cur_full_name, cur_start, cur_end, cur_successor, cur_replacement_rate, cur_description, cur_name_plural) VALUES (54, NULL, 'Colón', NULL, '0', NULL, NULL, NULL, NULL, NULL);
INSERT INTO public.cur_currency (cur_id, cur_symbol, cur_name, cur_full_name, cur_start, cur_end, cur_successor, cur_replacement_rate, cur_description, cur_name_plural) VALUES (57, NULL, 'Convertible Peso', NULL, '0', NULL, NULL, NULL, NULL, NULL);
INSERT INTO public.cur_currency (cur_id, cur_symbol, cur_name, cur_full_name, cur_start, cur_end, cur_successor, cur_replacement_rate, cur_description, cur_name_plural) VALUES (3, 'د.إ', 'Dirham', 'United Arab Emirates dirham', '1973-05-19', NULL, NULL, NULL, NULL, NULL);
INSERT INTO public.cur_currency (cur_id, cur_symbol, cur_name, cur_full_name, cur_start, cur_end, cur_successor, cur_replacement_rate, cur_description, cur_name_plural) VALUES (5, '؋', 'Afghani', 'Afghan afghani', '2002-10-08', NULL, NULL, NULL, NULL, NULL);
INSERT INTO public.cur_currency (cur_id, cur_symbol, cur_name, cur_full_name, cur_start, cur_end, cur_successor, cur_replacement_rate, cur_description, cur_name_plural) VALUES (7, '֏', 'Dram', 'Armenian dram', '1993-11-22', NULL, NULL, NULL, NULL, NULL);
INSERT INTO public.cur_currency (cur_id, cur_symbol, cur_name, cur_full_name, cur_start, cur_end, cur_successor, cur_replacement_rate, cur_description, cur_name_plural) VALUES (67, NULL, 'Dinar', 'Algerian dinar', '1964-04-01', NULL, NULL, NULL, NULL, 'Dinars');
INSERT INTO public.cur_currency (cur_id, cur_symbol, cur_name, cur_full_name, cur_start, cur_end, cur_successor, cur_replacement_rate, cur_description, cur_name_plural) VALUES (104, NULL, 'Dinar', 'Iraqi dinar', '1932', NULL, NULL, NULL, NULL, 'Dinars');
INSERT INTO public.cur_currency (cur_id, cur_symbol, cur_name, cur_full_name, cur_start, cur_end, cur_successor, cur_replacement_rate, cur_description, cur_name_plural) VALUES (110, NULL, 'Dinar', 'Jordanian dinar', '1950-07-01', NULL, NULL, NULL, NULL, 'Dinars');
INSERT INTO public.cur_currency (cur_id, cur_symbol, cur_name, cur_full_name, cur_start, cur_end, cur_successor, cur_replacement_rate, cur_description, cur_name_plural) VALUES (251, '$', 'Dollar', NULL, '1970-02-17', '1980', NULL, NULL, NULL, 'Dollars');
INSERT INTO public.cur_currency (cur_id, cur_symbol, cur_name, cur_full_name, cur_start, cur_end, cur_successor, cur_replacement_rate, cur_description, cur_name_plural) VALUES (252, '$', 'Dollar', NULL, '1980-04-18', '2006-07-31', NULL, NULL, NULL, 'Dollars');
INSERT INTO public.cur_currency (cur_id, cur_symbol, cur_name, cur_full_name, cur_start, cur_end, cur_successor, cur_replacement_rate, cur_description, cur_name_plural) VALUES (253, '$', 'Dollar', NULL, '2009-02-03', '2009-04-12', NULL, NULL, NULL, 'Dollars');
INSERT INTO public.cur_currency (cur_id, cur_symbol, cur_name, cur_full_name, cur_start, cur_end, cur_successor, cur_replacement_rate, cur_description, cur_name_plural) VALUES (254, '$', 'Dollar', NULL, '2006-08-01', '2008-07-31', NULL, NULL, NULL, 'Dollars');
INSERT INTO public.cur_currency (cur_id, cur_symbol, cur_name, cur_full_name, cur_start, cur_end, cur_successor, cur_replacement_rate, cur_description, cur_name_plural) VALUES (255, '$', 'Dollar', NULL, '2008-08-01', '2009-02-02', NULL, NULL, NULL, 'Dollars');
INSERT INTO public.cur_currency (cur_id, cur_symbol, cur_name, cur_full_name, cur_start, cur_end, cur_successor, cur_replacement_rate, cur_description, cur_name_plural) VALUES (41, '$', 'Dollar', NULL, '0', NULL, NULL, NULL, NULL, 'Dollars');
INSERT INTO public.cur_currency (cur_id, cur_symbol, cur_name, cur_full_name, cur_start, cur_end, cur_successor, cur_replacement_rate, cur_description, cur_name_plural) VALUES (47, '$', 'Dollar', NULL, '0', NULL, NULL, NULL, NULL, 'Dollars');
INSERT INTO public.cur_currency (cur_id, cur_symbol, cur_name, cur_full_name, cur_start, cur_end, cur_successor, cur_replacement_rate, cur_description, cur_name_plural) VALUES (48, '$', 'Dollar', NULL, '0', NULL, NULL, NULL, NULL, 'Dollars');
INSERT INTO public.cur_currency (cur_id, cur_symbol, cur_name, cur_full_name, cur_start, cur_end, cur_successor, cur_replacement_rate, cur_description, cur_name_plural) VALUES (76, '$', 'Dollar', NULL, '0', NULL, NULL, NULL, NULL, 'Dollars');
INSERT INTO public.cur_currency (cur_id, cur_symbol, cur_name, cur_full_name, cur_start, cur_end, cur_successor, cur_replacement_rate, cur_description, cur_name_plural) VALUES (91, '$', 'Dollar', NULL, '0', NULL, NULL, NULL, NULL, 'Dollars');
INSERT INTO public.cur_currency (cur_id, cur_symbol, cur_name, cur_full_name, cur_start, cur_end, cur_successor, cur_replacement_rate, cur_description, cur_name_plural) VALUES (92, '$', 'Dollar', NULL, '0', NULL, NULL, NULL, NULL, 'Dollars');
INSERT INTO public.cur_currency (cur_id, cur_symbol, cur_name, cur_full_name, cur_start, cur_end, cur_successor, cur_replacement_rate, cur_description, cur_name_plural) VALUES (109, '$', 'Dollar', NULL, '0', NULL, NULL, NULL, NULL, 'Dollars');
INSERT INTO public.cur_currency (cur_id, cur_symbol, cur_name, cur_full_name, cur_start, cur_end, cur_successor, cur_replacement_rate, cur_description, cur_name_plural) VALUES (74, '€', 'Euro', 'European euro', '1999-01-01', NULL, NULL, NULL, 'The name "Euro" was officially adopted on 16 December 1995 in Madrid. The euro was introduced to the financial markets as an accounting currency on 1 January 1999, replacing the former European Currency Unit (ECU) at a ratio of 1:1. Physical euro coins and banknotes entered into circulation on 1 January 2002, as the official currency of the Euro Zone original members, and by March 2002 it had completely replaced the former currencies.<br/>Central bank: <a href="http://www.ecb.europa.eu" target="_blank">European Central Bank</a><br/><a href="https://en.wikipedia.org/wiki/Template:Historical_currencies_of_the_European_Union" target="_blank">Conversion Rates</a> to the former national currencies.', 'Euro');
INSERT INTO public.cur_currency (cur_id, cur_symbol, cur_name, cur_full_name, cur_start, cur_end, cur_successor, cur_replacement_rate, cur_description, cur_name_plural) VALUES (53, NULL, 'Peso', NULL, '0', NULL, NULL, NULL, NULL, 'Pesos');
INSERT INTO public.cur_currency (cur_id, cur_symbol, cur_name, cur_full_name, cur_start, cur_end, cur_successor, cur_replacement_rate, cur_description, cur_name_plural) VALUES (58, NULL, 'Peso', NULL, '0', NULL, NULL, NULL, NULL, 'Pesos');
INSERT INTO public.cur_currency (cur_id, cur_symbol, cur_name, cur_full_name, cur_start, cur_end, cur_successor, cur_replacement_rate, cur_description, cur_name_plural) VALUES (66, NULL, 'Peso', NULL, '0', NULL, NULL, NULL, NULL, 'Pesos');
INSERT INTO public.cur_currency (cur_id, cur_symbol, cur_name, cur_full_name, cur_start, cur_end, cur_successor, cur_replacement_rate, cur_description, cur_name_plural) VALUES (51, NULL, 'Peso', NULL, '0', NULL, NULL, NULL, NULL, 'Pesos');
INSERT INTO public.cur_currency (cur_id, cur_symbol, cur_name, cur_full_name, cur_start, cur_end, cur_successor, cur_replacement_rate, cur_description, cur_name_plural) VALUES (77, '£', 'Pound', NULL, '0', NULL, NULL, NULL, NULL, 'Pounds');
INSERT INTO public.cur_currency (cur_id, cur_symbol, cur_name, cur_full_name, cur_start, cur_end, cur_successor, cur_replacement_rate, cur_description, cur_name_plural) VALUES (70, NULL, 'Pound', NULL, '0', NULL, NULL, NULL, NULL, 'Pounds');
INSERT INTO public.cur_currency (cur_id, cur_symbol, cur_name, cur_full_name, cur_start, cur_end, cur_successor, cur_replacement_rate, cur_description, cur_name_plural) VALUES (83, '£', 'Pound', NULL, '0', NULL, NULL, NULL, NULL, 'Pounds');
INSERT INTO public.cur_currency (cur_id, cur_symbol, cur_name, cur_full_name, cur_start, cur_end, cur_successor, cur_replacement_rate, cur_description, cur_name_plural) VALUES (59, NULL, 'Escudo', NULL, '0', NULL, NULL, NULL, NULL, NULL);
INSERT INTO public.cur_currency (cur_id, cur_symbol, cur_name, cur_full_name, cur_start, cur_end, cur_successor, cur_replacement_rate, cur_description, cur_name_plural) VALUES (61, NULL, 'Koruna', NULL, '0', NULL, NULL, NULL, NULL, NULL);
INSERT INTO public.cur_currency (cur_id, cur_symbol, cur_name, cur_full_name, cur_start, cur_end, cur_successor, cur_replacement_rate, cur_description, cur_name_plural) VALUES (64, NULL, 'Franc', NULL, '0', NULL, NULL, NULL, NULL, NULL);
INSERT INTO public.cur_currency (cur_id, cur_symbol, cur_name, cur_full_name, cur_start, cur_end, cur_successor, cur_replacement_rate, cur_description, cur_name_plural) VALUES (65, NULL, 'Krone', NULL, '0', NULL, NULL, NULL, NULL, NULL);
INSERT INTO public.cur_currency (cur_id, cur_symbol, cur_name, cur_full_name, cur_start, cur_end, cur_successor, cur_replacement_rate, cur_description, cur_name_plural) VALUES (71, NULL, 'Nakfa', NULL, '0', NULL, NULL, NULL, NULL, NULL);
INSERT INTO public.cur_currency (cur_id, cur_symbol, cur_name, cur_full_name, cur_start, cur_end, cur_successor, cur_replacement_rate, cur_description, cur_name_plural) VALUES (80, NULL, 'Lari', NULL, '0', NULL, NULL, NULL, NULL, NULL);
INSERT INTO public.cur_currency (cur_id, cur_symbol, cur_name, cur_full_name, cur_start, cur_end, cur_successor, cur_replacement_rate, cur_description, cur_name_plural) VALUES (82, NULL, 'Cedi', NULL, '0', NULL, NULL, NULL, NULL, NULL);
INSERT INTO public.cur_currency (cur_id, cur_symbol, cur_name, cur_full_name, cur_start, cur_end, cur_successor, cur_replacement_rate, cur_description, cur_name_plural) VALUES (84, NULL, 'Dalasi', NULL, '0', NULL, NULL, NULL, NULL, NULL);
INSERT INTO public.cur_currency (cur_id, cur_symbol, cur_name, cur_full_name, cur_start, cur_end, cur_successor, cur_replacement_rate, cur_description, cur_name_plural) VALUES (86, NULL, 'Franc', NULL, '0', NULL, NULL, NULL, NULL, NULL);
INSERT INTO public.cur_currency (cur_id, cur_symbol, cur_name, cur_full_name, cur_start, cur_end, cur_successor, cur_replacement_rate, cur_description, cur_name_plural) VALUES (89, NULL, 'Quetzal', NULL, '0', NULL, NULL, NULL, NULL, NULL);
INSERT INTO public.cur_currency (cur_id, cur_symbol, cur_name, cur_full_name, cur_start, cur_end, cur_successor, cur_replacement_rate, cur_description, cur_name_plural) VALUES (93, NULL, 'Lempira', NULL, '0', NULL, NULL, NULL, NULL, NULL);
INSERT INTO public.cur_currency (cur_id, cur_symbol, cur_name, cur_full_name, cur_start, cur_end, cur_successor, cur_replacement_rate, cur_description, cur_name_plural) VALUES (95, NULL, 'Kuna', NULL, '0', NULL, NULL, NULL, NULL, NULL);
INSERT INTO public.cur_currency (cur_id, cur_symbol, cur_name, cur_full_name, cur_start, cur_end, cur_successor, cur_replacement_rate, cur_description, cur_name_plural) VALUES (96, NULL, 'Gourde', NULL, '0', NULL, NULL, NULL, NULL, NULL);
INSERT INTO public.cur_currency (cur_id, cur_symbol, cur_name, cur_full_name, cur_start, cur_end, cur_successor, cur_replacement_rate, cur_description, cur_name_plural) VALUES (97, NULL, 'Forint', NULL, '0', NULL, NULL, NULL, NULL, NULL);
INSERT INTO public.cur_currency (cur_id, cur_symbol, cur_name, cur_full_name, cur_start, cur_end, cur_successor, cur_replacement_rate, cur_description, cur_name_plural) VALUES (98, NULL, 'Rupiah', NULL, '0', NULL, NULL, NULL, NULL, NULL);
INSERT INTO public.cur_currency (cur_id, cur_symbol, cur_name, cur_full_name, cur_start, cur_end, cur_successor, cur_replacement_rate, cur_description, cur_name_plural) VALUES (102, NULL, 'New Shekel', NULL, '0', NULL, NULL, NULL, NULL, NULL);
INSERT INTO public.cur_currency (cur_id, cur_symbol, cur_name, cur_full_name, cur_start, cur_end, cur_successor, cur_replacement_rate, cur_description, cur_name_plural) VALUES (103, '₹', 'Rupee', NULL, '0', NULL, NULL, NULL, NULL, NULL);
INSERT INTO public.cur_currency (cur_id, cur_symbol, cur_name, cur_full_name, cur_start, cur_end, cur_successor, cur_replacement_rate, cur_description, cur_name_plural) VALUES (105, NULL, 'Rial', NULL, '0', NULL, NULL, NULL, NULL, NULL);
INSERT INTO public.cur_currency (cur_id, cur_symbol, cur_name, cur_full_name, cur_start, cur_end, cur_successor, cur_replacement_rate, cur_description, cur_name_plural) VALUES (107, NULL, 'Krona', NULL, '0', NULL, NULL, NULL, NULL, NULL);
INSERT INTO public.cur_currency (cur_id, cur_symbol, cur_name, cur_full_name, cur_start, cur_end, cur_successor, cur_replacement_rate, cur_description, cur_name_plural) VALUES (111, '¥', 'Yen', NULL, '0', NULL, NULL, NULL, NULL, NULL);
INSERT INTO public.cur_currency (cur_id, cur_symbol, cur_name, cur_full_name, cur_start, cur_end, cur_successor, cur_replacement_rate, cur_description, cur_name_plural) VALUES (112, NULL, 'Shilling', NULL, '0', NULL, NULL, NULL, NULL, NULL);
INSERT INTO public.cur_currency (cur_id, cur_symbol, cur_name, cur_full_name, cur_start, cur_end, cur_successor, cur_replacement_rate, cur_description, cur_name_plural) VALUES (113, NULL, 'Som', NULL, '0', NULL, NULL, NULL, NULL, NULL);
INSERT INTO public.cur_currency (cur_id, cur_symbol, cur_name, cur_full_name, cur_start, cur_end, cur_successor, cur_replacement_rate, cur_description, cur_name_plural) VALUES (114, NULL, 'Riel', NULL, '0', NULL, NULL, NULL, NULL, NULL);
INSERT INTO public.cur_currency (cur_id, cur_symbol, cur_name, cur_full_name, cur_start, cur_end, cur_successor, cur_replacement_rate, cur_description, cur_name_plural) VALUES (115, NULL, 'Franc', NULL, '0', NULL, NULL, NULL, NULL, NULL);
INSERT INTO public.cur_currency (cur_id, cur_symbol, cur_name, cur_full_name, cur_start, cur_end, cur_successor, cur_replacement_rate, cur_description, cur_name_plural) VALUES (116, '₩', 'Won', NULL, '0', NULL, NULL, NULL, NULL, NULL);
INSERT INTO public.cur_currency (cur_id, cur_symbol, cur_name, cur_full_name, cur_start, cur_end, cur_successor, cur_replacement_rate, cur_description, cur_name_plural) VALUES (256, NULL, 'Apsar', 'Abkhazian apsar', '2008', NULL, NULL, NULL, NULL, NULL);
INSERT INTO public.cur_currency (cur_id, cur_symbol, cur_name, cur_full_name, cur_start, cur_end, cur_successor, cur_replacement_rate, cur_description, cur_name_plural) VALUES (210, NULL, 'Dinar', 'Tunisian dinar', '1960', NULL, NULL, NULL, NULL, 'Dinars');
INSERT INTO public.cur_currency (cur_id, cur_symbol, cur_name, cur_full_name, cur_start, cur_end, cur_successor, cur_replacement_rate, cur_description, cur_name_plural) VALUES (205, '฿', 'Baht', 'Thai baht', '1851', NULL, NULL, NULL, NULL, NULL);
INSERT INTO public.cur_currency (cur_id, cur_symbol, cur_name, cur_full_name, cur_start, cur_end, cur_successor, cur_replacement_rate, cur_description, cur_name_plural) VALUES (207, NULL, 'Somoni', NULL, '0', NULL, NULL, NULL, NULL, NULL);
INSERT INTO public.cur_currency (cur_id, cur_symbol, cur_name, cur_full_name, cur_start, cur_end, cur_successor, cur_replacement_rate, cur_description, cur_name_plural) VALUES (209, NULL, 'Manat', NULL, '0', NULL, NULL, NULL, NULL, NULL);
INSERT INTO public.cur_currency (cur_id, cur_symbol, cur_name, cur_full_name, cur_start, cur_end, cur_successor, cur_replacement_rate, cur_description, cur_name_plural) VALUES (215, '$', 'Dollar', NULL, '0', NULL, NULL, NULL, NULL, 'Dollars');
INSERT INTO public.cur_currency (cur_id, cur_symbol, cur_name, cur_full_name, cur_start, cur_end, cur_successor, cur_replacement_rate, cur_description, cur_name_plural) VALUES (211, NULL, 'PaNULLanga', NULL, '0', NULL, NULL, NULL, NULL, NULL);
INSERT INTO public.cur_currency (cur_id, cur_symbol, cur_name, cur_full_name, cur_start, cur_end, cur_successor, cur_replacement_rate, cur_description, cur_name_plural) VALUES (214, NULL, 'Lira', NULL, '0', NULL, NULL, NULL, NULL, NULL);
INSERT INTO public.cur_currency (cur_id, cur_symbol, cur_name, cur_full_name, cur_start, cur_end, cur_successor, cur_replacement_rate, cur_description, cur_name_plural) VALUES (216, NULL, 'New Dollar', NULL, '0', NULL, NULL, NULL, NULL, NULL);
INSERT INTO public.cur_currency (cur_id, cur_symbol, cur_name, cur_full_name, cur_start, cur_end, cur_successor, cur_replacement_rate, cur_description, cur_name_plural) VALUES (217, NULL, 'Shilling', NULL, '0', NULL, NULL, NULL, NULL, NULL);
INSERT INTO public.cur_currency (cur_id, cur_symbol, cur_name, cur_full_name, cur_start, cur_end, cur_successor, cur_replacement_rate, cur_description, cur_name_plural) VALUES (218, NULL, 'Hryvnia', NULL, '0', NULL, NULL, NULL, NULL, NULL);
INSERT INTO public.cur_currency (cur_id, cur_symbol, cur_name, cur_full_name, cur_start, cur_end, cur_successor, cur_replacement_rate, cur_description, cur_name_plural) VALUES (221, NULL, 'Shilling', NULL, '0', NULL, NULL, NULL, NULL, NULL);
INSERT INTO public.cur_currency (cur_id, cur_symbol, cur_name, cur_full_name, cur_start, cur_end, cur_successor, cur_replacement_rate, cur_description, cur_name_plural) VALUES (226, NULL, 'Som', NULL, '0', NULL, NULL, NULL, NULL, NULL);
INSERT INTO public.cur_currency (cur_id, cur_symbol, cur_name, cur_full_name, cur_start, cur_end, cur_successor, cur_replacement_rate, cur_description, cur_name_plural) VALUES (230, NULL, 'Bolívar soberano', NULL, '0', NULL, NULL, NULL, NULL, NULL);
INSERT INTO public.cur_currency (cur_id, cur_symbol, cur_name, cur_full_name, cur_start, cur_end, cur_successor, cur_replacement_rate, cur_description, cur_name_plural) VALUES (231, NULL, 'Dong', NULL, '0', NULL, NULL, NULL, NULL, NULL);
INSERT INTO public.cur_currency (cur_id, cur_symbol, cur_name, cur_full_name, cur_start, cur_end, cur_successor, cur_replacement_rate, cur_description, cur_name_plural) VALUES (232, NULL, 'Vatu', NULL, '0', NULL, NULL, NULL, NULL, NULL);
INSERT INTO public.cur_currency (cur_id, cur_symbol, cur_name, cur_full_name, cur_start, cur_end, cur_successor, cur_replacement_rate, cur_description, cur_name_plural) VALUES (233, NULL, 'Tala', NULL, '0', NULL, NULL, NULL, NULL, NULL);
INSERT INTO public.cur_currency (cur_id, cur_symbol, cur_name, cur_full_name, cur_start, cur_end, cur_successor, cur_replacement_rate, cur_description, cur_name_plural) VALUES (234, NULL, 'Central African CFA Franc', NULL, '0', NULL, NULL, NULL, NULL, NULL);
INSERT INTO public.cur_currency (cur_id, cur_symbol, cur_name, cur_full_name, cur_start, cur_end, cur_successor, cur_replacement_rate, cur_description, cur_name_plural) VALUES (235, NULL, 'East Caribbean Dollar', NULL, '0', NULL, NULL, NULL, NULL, NULL);
INSERT INTO public.cur_currency (cur_id, cur_symbol, cur_name, cur_full_name, cur_start, cur_end, cur_successor, cur_replacement_rate, cur_description, cur_name_plural) VALUES (236, NULL, 'West African CFA Franc', NULL, '0', NULL, NULL, NULL, NULL, NULL);
INSERT INTO public.cur_currency (cur_id, cur_symbol, cur_name, cur_full_name, cur_start, cur_end, cur_successor, cur_replacement_rate, cur_description, cur_name_plural) VALUES (237, NULL, 'CFP Franc / Franc Pacifique', NULL, '0', NULL, NULL, NULL, NULL, NULL);
INSERT INTO public.cur_currency (cur_id, cur_symbol, cur_name, cur_full_name, cur_start, cur_end, cur_successor, cur_replacement_rate, cur_description, cur_name_plural) VALUES (239, NULL, 'Rial', NULL, '0', NULL, NULL, NULL, NULL, NULL);
INSERT INTO public.cur_currency (cur_id, cur_symbol, cur_name, cur_full_name, cur_start, cur_end, cur_successor, cur_replacement_rate, cur_description, cur_name_plural) VALUES (246, NULL, 'Rand', NULL, '0', NULL, NULL, NULL, NULL, NULL);
INSERT INTO public.cur_currency (cur_id, cur_symbol, cur_name, cur_full_name, cur_start, cur_end, cur_successor, cur_replacement_rate, cur_description, cur_name_plural) VALUES (248, NULL, 'Kwacha', NULL, '0', NULL, NULL, NULL, NULL, NULL);
INSERT INTO public.cur_currency (cur_id, cur_symbol, cur_name, cur_full_name, cur_start, cur_end, cur_successor, cur_replacement_rate, cur_description, cur_name_plural) VALUES (258, NULL, 'Dram', NULL, '0', NULL, NULL, NULL, NULL, NULL);
INSERT INTO public.cur_currency (cur_id, cur_symbol, cur_name, cur_full_name, cur_start, cur_end, cur_successor, cur_replacement_rate, cur_description, cur_name_plural) VALUES (262, NULL, 'Króna', NULL, '0', NULL, NULL, NULL, NULL, NULL);
INSERT INTO public.cur_currency (cur_id, cur_symbol, cur_name, cur_full_name, cur_start, cur_end, cur_successor, cur_replacement_rate, cur_description, cur_name_plural) VALUES (274, NULL, 'Shilling', NULL, '0', NULL, NULL, NULL, NULL, NULL);
INSERT INTO public.cur_currency (cur_id, cur_symbol, cur_name, cur_full_name, cur_start, cur_end, cur_successor, cur_replacement_rate, cur_description, cur_name_plural) VALUES (276, NULL, 'Ruble', NULL, '0', NULL, NULL, NULL, NULL, NULL);
INSERT INTO public.cur_currency (cur_id, cur_symbol, cur_name, cur_full_name, cur_start, cur_end, cur_successor, cur_replacement_rate, cur_description, cur_name_plural) VALUES (222, '$', 'Dollar', 'United States dollar', '0', NULL, NULL, NULL, NULL, 'Dollars');
INSERT INTO public.cur_currency (cur_id, cur_symbol, cur_name, cur_full_name, cur_start, cur_end, cur_successor, cur_replacement_rate, cur_description, cur_name_plural) VALUES (260, '$', 'Dollar', NULL, '0', NULL, NULL, NULL, NULL, 'Dollars');
INSERT INTO public.cur_currency (cur_id, cur_symbol, cur_name, cur_full_name, cur_start, cur_end, cur_successor, cur_replacement_rate, cur_description, cur_name_plural) VALUES (261, '$', 'Dollar', NULL, '0', NULL, NULL, NULL, NULL, 'Dollars');
INSERT INTO public.cur_currency (cur_id, cur_symbol, cur_name, cur_full_name, cur_start, cur_end, cur_successor, cur_replacement_rate, cur_description, cur_name_plural) VALUES (266, '$', 'Dollar', NULL, '0', NULL, NULL, NULL, NULL, 'Dollars');
INSERT INTO public.cur_currency (cur_id, cur_symbol, cur_name, cur_full_name, cur_start, cur_end, cur_successor, cur_replacement_rate, cur_description, cur_name_plural) VALUES (268, '$', 'Dollar', NULL, '0', NULL, NULL, NULL, NULL, 'Dollars');
INSERT INTO public.cur_currency (cur_id, cur_symbol, cur_name, cur_full_name, cur_start, cur_end, cur_successor, cur_replacement_rate, cur_description, cur_name_plural) VALUES (269, '$', 'Dollar', NULL, '0', NULL, NULL, NULL, NULL, 'Dollars');
INSERT INTO public.cur_currency (cur_id, cur_symbol, cur_name, cur_full_name, cur_start, cur_end, cur_successor, cur_replacement_rate, cur_description, cur_name_plural) VALUES (270, '$', 'Dollar', NULL, '0', NULL, NULL, NULL, NULL, 'Dollars');
INSERT INTO public.cur_currency (cur_id, cur_symbol, cur_name, cur_full_name, cur_start, cur_end, cur_successor, cur_replacement_rate, cur_description, cur_name_plural) VALUES (271, '$', 'Dollar', NULL, '0', NULL, NULL, NULL, NULL, 'Dollars');
INSERT INTO public.cur_currency (cur_id, cur_symbol, cur_name, cur_full_name, cur_start, cur_end, cur_successor, cur_replacement_rate, cur_description, cur_name_plural) VALUES (272, '$', 'Dollar', NULL, '0', NULL, NULL, NULL, NULL, 'Dollars');
INSERT INTO public.cur_currency (cur_id, cur_symbol, cur_name, cur_full_name, cur_start, cur_end, cur_successor, cur_replacement_rate, cur_description, cur_name_plural) VALUES (278, '$', 'Dollar', NULL, '0', NULL, NULL, NULL, NULL, 'Dollars');
INSERT INTO public.cur_currency (cur_id, cur_symbol, cur_name, cur_full_name, cur_start, cur_end, cur_successor, cur_replacement_rate, cur_description, cur_name_plural) VALUES (273, 'Pta', 'Peseta', 'Equatorial Guinean peseta', '1969', '1975', 87, 1, 'The peseta (peseta guineana) replaced the Spanish peseta at par shortly after gaining independence from Spain the prior year.', 'Pesetas');
INSERT INTO public.cur_currency (cur_id, cur_symbol, cur_name, cur_full_name, cur_start, cur_end, cur_successor, cur_replacement_rate, cur_description, cur_name_plural) VALUES (225, NULL, 'Peso', NULL, '0', NULL, NULL, NULL, NULL, 'Pesos');
INSERT INTO public.cur_currency (cur_id, cur_symbol, cur_name, cur_full_name, cur_start, cur_end, cur_successor, cur_replacement_rate, cur_description, cur_name_plural) VALUES (257, NULL, 'Pound', NULL, '0', NULL, NULL, NULL, NULL, 'Pounds');
INSERT INTO public.cur_currency (cur_id, cur_symbol, cur_name, cur_full_name, cur_start, cur_end, cur_successor, cur_replacement_rate, cur_description, cur_name_plural) VALUES (259, NULL, 'Pound', NULL, '0', NULL, NULL, NULL, NULL, 'Pounds');
INSERT INTO public.cur_currency (cur_id, cur_symbol, cur_name, cur_full_name, cur_start, cur_end, cur_successor, cur_replacement_rate, cur_description, cur_name_plural) VALUES (277, NULL, 'Pound', NULL, '0', NULL, NULL, NULL, NULL, 'Pounds');
INSERT INTO public.cur_currency (cur_id, cur_symbol, cur_name, cur_full_name, cur_start, cur_end, cur_successor, cur_replacement_rate, cur_description, cur_name_plural) VALUES (263, NULL, 'Pound', NULL, '0', NULL, NULL, NULL, NULL, 'Pounds');
INSERT INTO public.cur_currency (cur_id, cur_symbol, cur_name, cur_full_name, cur_start, cur_end, cur_successor, cur_replacement_rate, cur_description, cur_name_plural) VALUES (264, NULL, 'Pound', NULL, '0', NULL, NULL, NULL, NULL, 'Pounds');
INSERT INTO public.cur_currency (cur_id, cur_symbol, cur_name, cur_full_name, cur_start, cur_end, cur_successor, cur_replacement_rate, cur_description, cur_name_plural) VALUES (265, NULL, 'Pound', NULL, '0', NULL, NULL, NULL, NULL, 'Pounds');
INSERT INTO public.cur_currency (cur_id, cur_symbol, cur_name, cur_full_name, cur_start, cur_end, cur_successor, cur_replacement_rate, cur_description, cur_name_plural) VALUES (267, NULL, 'Pound', NULL, '0', NULL, NULL, NULL, NULL, 'Pounds');
INSERT INTO public.cur_currency (cur_id, cur_symbol, cur_name, cur_full_name, cur_start, cur_end, cur_successor, cur_replacement_rate, cur_description, cur_name_plural) VALUES (275, NULL, 'Pound', NULL, '0', NULL, NULL, NULL, NULL, 'Pounds');


--
-- Data for Name: cus_currency_unit; Type: TABLE DATA; Schema: public; Owner: postgres
--

INSERT INTO public.cus_currency_unit (cus_id, cus_cur_id, cus_value, cus_name, cus_abbreviation) VALUES (0, NULL, 0, '', NULL);
INSERT INTO public.cus_currency_unit (cus_id, cus_cur_id, cus_value, cus_name, cus_abbreviation) VALUES (1, 74, 100, 'Cent', 'c');
INSERT INTO public.cus_currency_unit (cus_id, cus_cur_id, cus_value, cus_name, cus_abbreviation) VALUES (2, 72, 100, 'Centimo', 'cts');


--
-- Data for Name: gra_grade; Type: TABLE DATA; Schema: public; Owner: postgres
--

INSERT INTO public.gra_grade (gra_value, gra_grade, gra_name, gra_description) VALUES (1, 'UNC', 'Uncirculated', 'Perfect or nearly perfect');
INSERT INTO public.gra_grade (gra_value, gra_grade, gra_name, gra_description) VALUES (2, 'XF', 'Extremely Fine', 'Paper is clean and only 1-2 light folds or creases are visible. Corners are sharp');
INSERT INTO public.gra_grade (gra_value, gra_grade, gra_name, gra_description) VALUES (3, 'VF', 'Very Fine', 'Evidence of handling and light wear. Might have several folds. Paper can have some dirt or color lose. Corners are not sharp');
INSERT INTO public.gra_grade (gra_value, gra_grade, gra_name, gra_description) VALUES (4, 'F', 'Fine', 'Used note with clear signs of having been used. Several fods and creases. Paper is soft and can have some stains. Corners are rounded');
INSERT INTO public.gra_grade (gra_value, gra_grade, gra_name, gra_description) VALUES (5, 'VG', 'Very Good', 'Heavily used note. Might have also have some holes in the center due to folding and marks of staples or pinholes');
INSERT INTO public.gra_grade (gra_value, gra_grade, gra_name, gra_description) VALUES (6, 'G', 'Good', 'A damaged note. With holes, stains, strong folds and creases or even small missing pieces. ');
INSERT INTO public.gra_grade (gra_value, gra_grade, gra_name, gra_description) VALUES (7, 'P', 'Poor', 'Severly damaged note. With stains, holes, missing pieces or tape holding together one or more pieces.');
INSERT INTO public.gra_grade (gra_value, gra_grade, gra_name, gra_description) VALUES (8, 'REP', 'Reproduction', 'A copy, photocopy or facsimil');


--
-- Data for Name: iss_issuer; Type: TABLE DATA; Schema: public; Owner: postgres
--

INSERT INTO public.iss_issuer (iss_id, iss_name, iss_description) VALUES (1, 'Bank of Spain', NULL);
INSERT INTO public.iss_issuer (iss_id, iss_name, iss_description) VALUES (2, 'European Central Bank', NULL);


--
-- Data for Name: mat_material; Type: TABLE DATA; Schema: public; Owner: postgres
--

INSERT INTO public.mat_material (mat_id, mat_name, mat_description) VALUES (1, 'Cotton fiber', NULL);
INSERT INTO public.mat_material (mat_id, mat_name, mat_description) VALUES (2, 'Paper', NULL);
INSERT INTO public.mat_material (mat_id, mat_name, mat_description) VALUES (3, 'Polymer', NULL);


--
-- Data for Name: pri_printer; Type: TABLE DATA; Schema: public; Owner: postgres
--

INSERT INTO public.pri_printer (pri_id, pri_name, pri_location, pri_description) VALUES (1, 'Fábrica Nacional de Moneda y Timbre (FNMT)', 'Madrid (Spain)', NULL);
INSERT INTO public.pri_printer (pri_id, pri_name, pri_location, pri_description) VALUES (2, 'Setec Oy', 'Vantaa (Finland)', NULL);
INSERT INTO public.pri_printer (pri_id, pri_name, pri_location, pri_description) VALUES (3, 'F. C. Oberthur', 'Chantepie (France)', NULL);
INSERT INTO public.pri_printer (pri_id, pri_name, pri_location, pri_description) VALUES (4, 'Österreichische Banknoten‐ und Sicherheitsdruck GmbH', 'Vienna (Austria)', NULL);
INSERT INTO public.pri_printer (pri_id, pri_name, pri_location, pri_description) VALUES (5, 'Koninklijke Joh. Enschedé', 'Haarlem (Netherlands)', NULL);
INSERT INTO public.pri_printer (pri_id, pri_name, pri_location, pri_description) VALUES (6, 'De La Rue', 'Gateshead (United Kingdom)', NULL);
INSERT INTO public.pri_printer (pri_id, pri_name, pri_location, pri_description) VALUES (7, 'Banca d''Italia', 'Rome (Italy)', NULL);
INSERT INTO public.pri_printer (pri_id, pri_name, pri_location, pri_description) VALUES (8, 'Banc Ceannais na hÉireann / Central Bank of Ireland', 'Dublin (Ireland)', NULL);
INSERT INTO public.pri_printer (pri_id, pri_name, pri_location, pri_description) VALUES (9, 'Banque de France', 'Chamalières (France)', NULL);
INSERT INTO public.pri_printer (pri_id, pri_name, pri_location, pri_description) VALUES (10, 'Bank of Greece', 'Athens (Greece)', NULL);
INSERT INTO public.pri_printer (pri_id, pri_name, pri_location, pri_description) VALUES (11, 'Giesecke & Devrient', 'Munich & Leipzig (Germany)', NULL);
INSERT INTO public.pri_printer (pri_id, pri_name, pri_location, pri_description) VALUES (12, 'Bundesdruckerei', 'Berlin (Germany)', NULL);
INSERT INTO public.pri_printer (pri_id, pri_name, pri_location, pri_description) VALUES (13, 'National Bank of Belgium', 'Brussels (Belgium)', NULL);
INSERT INTO public.pri_printer (pri_id, pri_name, pri_location, pri_description) VALUES (14, 'Valora (Banco de Portugal)', 'Carregado (Portugal)', NULL);
INSERT INTO public.pri_printer (pri_id, pri_name, pri_location, pri_description) VALUES (15, 'Euro Printing Facilities: see Printer Codes', NULL, NULL);


--
-- Data for Name: ser_series; Type: TABLE DATA; Schema: public; Owner: postgres
--

INSERT INTO public.ser_series (ser_id, ser_cur_id, ser_name, ser_start, ser_end, ser_iss_id, ser_law_date, ser_description) VALUES (10, 72, 'Spanish State, last issue', 1973, 1974, 1, NULL, 'The issue contains all the 3 available denominations. Last issue under Dictator Franco''s rule.');
INSERT INTO public.ser_series (ser_id, ser_cur_id, ser_name, ser_start, ser_end, ser_iss_id, ser_law_date, ser_description) VALUES (6, 74, 'Second Series (Europa)', 2013, NULL, 2, NULL, 'Same themes as the first series, but redesigned. The 100 € and 200 € notes are slightly smaller and have the same height as the 50€ banknote. The 500 € banknote is not issued.<br>The printer code is not used anymore. The printing facility is indicated by the first character of the serial number, see <a href="/data/euroarea/euro/serial-number-codes.html" target="_blank" style="text-decoration: none"><b>Printer Codes</b></a><br>See <a href="/data/euroarea/euro/the_first_euros_2015en.pdf" target="_blank" style="text-decoration: none"><b>"The first Euros"</b></a><br> ');
INSERT INTO public.ser_series (ser_id, ser_cur_id, ser_name, ser_start, ser_end, ser_iss_id, ser_law_date, ser_description) VALUES (5, 74, 'First Series', 2002, 2012, 2, NULL, 'The main theme is the European architecture throughout its history.The banknotes obverse features arches or gateways with the European flag in the upper left corner. To its right the acronyms of the European Central Bank in five languages. Below these acronyms, the signature of the ECB president. A printer code is located at different positions of each denomination, see  Printer Codes.The banknotes reverse shows different types of bridges and a map of Europe, including the Azores, Madeira and the Canary Islands, plus French Guiana, Guadeloupe, Martinique and Réunion in small boxes. The serial number appears twice. The first character of the serial number uniquely identifies the issuing country, see Issuing Country CodesSee "The first Euros"');
INSERT INTO public.ser_series (ser_id, ser_cur_id, ser_name, ser_start, ser_end, ser_iss_id, ser_law_date, ser_description) VALUES (3, 72, 'Juan Carlos I, first issue', 1978, 1978, 1, NULL, 'This series includes only the new 5000 pesetas denomination, already designed and planned before the death of dictator Franco.');
INSERT INTO public.ser_series (ser_id, ser_cur_id, ser_name, ser_start, ser_end, ser_iss_id, ser_law_date, ser_description) VALUES (2, 72, 'Juan Carlos I, second issue', 1982, 1987, 1, NULL, 'First complete series of banknotes under the reign of Juan Carlos I. If introduces the pattern 1 - 2 - 5 (starting with 200 pesetas)');
INSERT INTO public.ser_series (ser_id, ser_cur_id, ser_name, ser_start, ser_end, ser_iss_id, ser_law_date, ser_description) VALUES (1, 72, 'Juan Carlos I, third issue', 1993, 1995, 1, NULL, 'Last series of the Spanish peseta banknotes. It does not include 200 or 500 pesetas, which were already issued as coins.
The designs are mostly related to the discovery of America, due to the 500 anniversary of this event.');
INSERT INTO public.ser_series (ser_id, ser_cur_id, ser_name, ser_start, ser_end, ser_iss_id, ser_law_date, ser_description) VALUES (13, 72, 'Spanish State, 6th issue', 1951, 1951, 1, NULL, NULL);
INSERT INTO public.ser_series (ser_id, ser_cur_id, ser_name, ser_start, ser_end, ser_iss_id, ser_law_date, ser_description) VALUES (12, 72, 'Spanish State, 7th issue', 1953, 1957, 1, NULL, 'Last issue including the low denominations also available as coins: 1, 5 and 25 Pesetas (50 Pesetas was not part of this issue)');
INSERT INTO public.ser_series (ser_id, ser_cur_id, ser_name, ser_start, ser_end, ser_iss_id, ser_law_date, ser_description) VALUES (11, 72, 'Spanish State, 8th issue', 1970, 1971, 1, NULL, 'The 500 Pesetas was not included');
INSERT INTO public.ser_series (ser_id, ser_cur_id, ser_name, ser_start, ser_end, ser_iss_id, ser_law_date, ser_description) VALUES (21, 72, 'Spanish State, 1st issue', 1940, 1940, NULL, NULL, NULL);
INSERT INTO public.ser_series (ser_id, ser_cur_id, ser_name, ser_start, ser_end, ser_iss_id, ser_law_date, ser_description) VALUES (22, 72, 'Spanish State, 2nd issue', 1943, 1943, NULL, NULL, NULL);
INSERT INTO public.ser_series (ser_id, ser_cur_id, ser_name, ser_start, ser_end, ser_iss_id, ser_law_date, ser_description) VALUES (24, 72, 'Spanish State, 3rd issue', 1945, 1945, NULL, NULL, NULL);
INSERT INTO public.ser_series (ser_id, ser_cur_id, ser_name, ser_start, ser_end, ser_iss_id, ser_law_date, ser_description) VALUES (23, 72, 'Spanish State, 4th issue', 1946, 1947, NULL, NULL, NULL);
INSERT INTO public.ser_series (ser_id, ser_cur_id, ser_name, ser_start, ser_end, ser_iss_id, ser_law_date, ser_description) VALUES (14, 72, 'Spanish State, 5th issue', 1948, 1949, 1, NULL, NULL);
INSERT INTO public.ser_series (ser_id, ser_cur_id, ser_name, ser_start, ser_end, ser_iss_id, ser_law_date, ser_description) VALUES (20, 72, 'Spanish State, Burgos 1st issue', 1936, 1936, NULL, NULL, NULL);
INSERT INTO public.ser_series (ser_id, ser_cur_id, ser_name, ser_start, ser_end, ser_iss_id, ser_law_date, ser_description) VALUES (25, 72, 'Spanish State, Burgos 2nd issue', 1937, 1937, NULL, NULL, NULL);
INSERT INTO public.ser_series (ser_id, ser_cur_id, ser_name, ser_start, ser_end, ser_iss_id, ser_law_date, ser_description) VALUES (26, 72, 'Spanish State, Burgos 3rd issue', 1938, 1938, NULL, NULL, NULL);


--
-- Data for Name: tec_territory_currency; Type: TABLE DATA; Schema: public; Owner: postgres
--

INSERT INTO public.tec_territory_currency (tec_ter_id, tec_cur_id, tec_iso3, tec_cur_type, tec_start, tec_end) VALUES (223, 3, 'AED', 'OWNED', NULL, NULL);
INSERT INTO public.tec_territory_currency (tec_ter_id, tec_cur_id, tec_iso3, tec_cur_type, tec_start, tec_end) VALUES (1, 4, 'AFA', 'OWNED', NULL, NULL);
INSERT INTO public.tec_territory_currency (tec_ter_id, tec_cur_id, tec_iso3, tec_cur_type, tec_start, tec_end) VALUES (1, 5, 'AFN', 'OWNED', NULL, NULL);
INSERT INTO public.tec_territory_currency (tec_ter_id, tec_cur_id, tec_iso3, tec_cur_type, tec_start, tec_end) VALUES (2, 6, 'ALL', 'OWNED', NULL, NULL);
INSERT INTO public.tec_territory_currency (tec_ter_id, tec_cur_id, tec_iso3, tec_cur_type, tec_start, tec_end) VALUES (11, 7, 'AMD', 'OWNED', NULL, NULL);
INSERT INTO public.tec_territory_currency (tec_ter_id, tec_cur_id, tec_iso3, tec_cur_type, tec_start, tec_end) VALUES (150, 8, 'ANG', 'OWNED', NULL, NULL);
INSERT INTO public.tec_territory_currency (tec_ter_id, tec_cur_id, tec_iso3, tec_cur_type, tec_start, tec_end) VALUES (6, 9, 'AOA', 'OWNED', NULL, NULL);
INSERT INTO public.tec_territory_currency (tec_ter_id, tec_cur_id, tec_iso3, tec_cur_type, tec_start, tec_end) VALUES (6, 10, 'AOK', 'OWNED', NULL, NULL);
INSERT INTO public.tec_territory_currency (tec_ter_id, tec_cur_id, tec_iso3, tec_cur_type, tec_start, tec_end) VALUES (6, 11, 'AON', 'OWNED', NULL, NULL);
INSERT INTO public.tec_territory_currency (tec_ter_id, tec_cur_id, tec_iso3, tec_cur_type, tec_start, tec_end) VALUES (6, 12, 'AOR', 'OWNED', NULL, NULL);
INSERT INTO public.tec_territory_currency (tec_ter_id, tec_cur_id, tec_iso3, tec_cur_type, tec_start, tec_end) VALUES (10, 13, 'ARA', 'OWNED', NULL, NULL);
INSERT INTO public.tec_territory_currency (tec_ter_id, tec_cur_id, tec_iso3, tec_cur_type, tec_start, tec_end) VALUES (10, 14, 'ARL', 'OWNED', NULL, NULL);
INSERT INTO public.tec_territory_currency (tec_ter_id, tec_cur_id, tec_iso3, tec_cur_type, tec_start, tec_end) VALUES (10, 15, 'ARP', 'OWNED', NULL, NULL);
INSERT INTO public.tec_territory_currency (tec_ter_id, tec_cur_id, tec_iso3, tec_cur_type, tec_start, tec_end) VALUES (10, 16, 'ARS', 'OWNED', NULL, NULL);
INSERT INTO public.tec_territory_currency (tec_ter_id, tec_cur_id, tec_iso3, tec_cur_type, tec_start, tec_end) VALUES (14, 17, 'ATS', 'OWNED', NULL, NULL);
INSERT INTO public.tec_territory_currency (tec_ter_id, tec_cur_id, tec_iso3, tec_cur_type, tec_start, tec_end) VALUES (13, 18, 'AUD', 'OWNED', NULL, NULL);
INSERT INTO public.tec_territory_currency (tec_ter_id, tec_cur_id, tec_iso3, tec_cur_type, tec_start, tec_end) VALUES (12, 19, 'AWG', 'OWNED', NULL, NULL);
INSERT INTO public.tec_territory_currency (tec_ter_id, tec_cur_id, tec_iso3, tec_cur_type, tec_start, tec_end) VALUES (15, 20, 'AZM', 'OWNED', NULL, NULL);
INSERT INTO public.tec_territory_currency (tec_ter_id, tec_cur_id, tec_iso3, tec_cur_type, tec_start, tec_end) VALUES (15, 21, 'AZN', 'OWNED', NULL, NULL);
INSERT INTO public.tec_territory_currency (tec_ter_id, tec_cur_id, tec_iso3, tec_cur_type, tec_start, tec_end) VALUES (27, 22, 'BAD', 'OWNED', NULL, NULL);
INSERT INTO public.tec_territory_currency (tec_ter_id, tec_cur_id, tec_iso3, tec_cur_type, tec_start, tec_end) VALUES (27, 23, 'BAM', 'OWNED', NULL, NULL);
INSERT INTO public.tec_territory_currency (tec_ter_id, tec_cur_id, tec_iso3, tec_cur_type, tec_start, tec_end) VALUES (19, 24, 'BBD', 'OWNED', NULL, NULL);
INSERT INTO public.tec_territory_currency (tec_ter_id, tec_cur_id, tec_iso3, tec_cur_type, tec_start, tec_end) VALUES (18, 25, 'BDT', 'OWNED', NULL, NULL);
INSERT INTO public.tec_territory_currency (tec_ter_id, tec_cur_id, tec_iso3, tec_cur_type, tec_start, tec_end) VALUES (21, 26, 'BEF', 'OWNED', NULL, NULL);
INSERT INTO public.tec_territory_currency (tec_ter_id, tec_cur_id, tec_iso3, tec_cur_type, tec_start, tec_end) VALUES (33, 27, 'BGL', 'OWNED', NULL, NULL);
INSERT INTO public.tec_territory_currency (tec_ter_id, tec_cur_id, tec_iso3, tec_cur_type, tec_start, tec_end) VALUES (33, 28, 'BGN', 'OWNED', NULL, NULL);
INSERT INTO public.tec_territory_currency (tec_ter_id, tec_cur_id, tec_iso3, tec_cur_type, tec_start, tec_end) VALUES (17, 29, 'BHD', 'OWNED', NULL, NULL);
INSERT INTO public.tec_territory_currency (tec_ter_id, tec_cur_id, tec_iso3, tec_cur_type, tec_start, tec_end) VALUES (35, 30, 'BIF', 'OWNED', NULL, NULL);
INSERT INTO public.tec_territory_currency (tec_ter_id, tec_cur_id, tec_iso3, tec_cur_type, tec_start, tec_end) VALUES (24, 31, 'BMD', 'OWNED', NULL, NULL);
INSERT INTO public.tec_territory_currency (tec_ter_id, tec_cur_id, tec_iso3, tec_cur_type, tec_start, tec_end) VALUES (32, 32, 'BND', 'OWNED', NULL, NULL);
INSERT INTO public.tec_territory_currency (tec_ter_id, tec_cur_id, tec_iso3, tec_cur_type, tec_start, tec_end) VALUES (26, 33, 'BOB', 'OWNED', NULL, NULL);
INSERT INTO public.tec_territory_currency (tec_ter_id, tec_cur_id, tec_iso3, tec_cur_type, tec_start, tec_end) VALUES (26, 34, 'BOP', 'OWNED', NULL, NULL);
INSERT INTO public.tec_territory_currency (tec_ter_id, tec_cur_id, tec_iso3, tec_cur_type, tec_start, tec_end) VALUES (30, 35, 'BRB', 'OWNED', NULL, NULL);
INSERT INTO public.tec_territory_currency (tec_ter_id, tec_cur_id, tec_iso3, tec_cur_type, tec_start, tec_end) VALUES (30, 36, 'BRC', 'OWNED', NULL, NULL);
INSERT INTO public.tec_territory_currency (tec_ter_id, tec_cur_id, tec_iso3, tec_cur_type, tec_start, tec_end) VALUES (30, 37, 'BRE', 'OWNED', NULL, NULL);
INSERT INTO public.tec_territory_currency (tec_ter_id, tec_cur_id, tec_iso3, tec_cur_type, tec_start, tec_end) VALUES (30, 38, 'BRL', 'OWNED', NULL, NULL);
INSERT INTO public.tec_territory_currency (tec_ter_id, tec_cur_id, tec_iso3, tec_cur_type, tec_start, tec_end) VALUES (30, 39, 'BRN', 'OWNED', NULL, NULL);
INSERT INTO public.tec_territory_currency (tec_ter_id, tec_cur_id, tec_iso3, tec_cur_type, tec_start, tec_end) VALUES (30, 40, 'BRR', 'OWNED', NULL, NULL);
INSERT INTO public.tec_territory_currency (tec_ter_id, tec_cur_id, tec_iso3, tec_cur_type, tec_start, tec_end) VALUES (16, 41, 'BSD', 'OWNED', NULL, NULL);
INSERT INTO public.tec_territory_currency (tec_ter_id, tec_cur_id, tec_iso3, tec_cur_type, tec_start, tec_end) VALUES (25, 42, 'BTN', 'OWNED', NULL, NULL);
INSERT INTO public.tec_territory_currency (tec_ter_id, tec_cur_id, tec_iso3, tec_cur_type, tec_start, tec_end) VALUES (28, 43, 'BWP', 'OWNED', NULL, NULL);
INSERT INTO public.tec_territory_currency (tec_ter_id, tec_cur_id, tec_iso3, tec_cur_type, tec_start, tec_end) VALUES (20, 44, 'BYB', 'OWNED', NULL, NULL);
INSERT INTO public.tec_territory_currency (tec_ter_id, tec_cur_id, tec_iso3, tec_cur_type, tec_start, tec_end) VALUES (20, 45, 'BYN', 'OWNED', NULL, NULL);
INSERT INTO public.tec_territory_currency (tec_ter_id, tec_cur_id, tec_iso3, tec_cur_type, tec_start, tec_end) VALUES (20, 46, 'BYR', 'OWNED', NULL, NULL);
INSERT INTO public.tec_territory_currency (tec_ter_id, tec_cur_id, tec_iso3, tec_cur_type, tec_start, tec_end) VALUES (22, 47, 'BZD', 'OWNED', NULL, NULL);
INSERT INTO public.tec_territory_currency (tec_ter_id, tec_cur_id, tec_iso3, tec_cur_type, tec_start, tec_end) VALUES (38, 48, 'CAD', 'OWNED', NULL, NULL);
INSERT INTO public.tec_territory_currency (tec_ter_id, tec_cur_id, tec_iso3, tec_cur_type, tec_start, tec_end) VALUES (288, 49, 'CDF', 'OWNED', NULL, NULL);
INSERT INTO public.tec_territory_currency (tec_ter_id, tec_cur_id, tec_iso3, tec_cur_type, tec_start, tec_end) VALUES (206, 50, 'CHF', 'OWNED', NULL, NULL);
INSERT INTO public.tec_territory_currency (tec_ter_id, tec_cur_id, tec_iso3, tec_cur_type, tec_start, tec_end) VALUES (43, 51, 'CLP', 'OWNED', NULL, NULL);
INSERT INTO public.tec_territory_currency (tec_ter_id, tec_cur_id, tec_iso3, tec_cur_type, tec_start, tec_end) VALUES (44, 52, 'CNY', 'OWNED', NULL, NULL);
INSERT INTO public.tec_territory_currency (tec_ter_id, tec_cur_id, tec_iso3, tec_cur_type, tec_start, tec_end) VALUES (47, 53, 'COP', 'OWNED', NULL, NULL);
INSERT INTO public.tec_territory_currency (tec_ter_id, tec_cur_id, tec_iso3, tec_cur_type, tec_start, tec_end) VALUES (52, 54, 'CRC', 'OWNED', NULL, NULL);
INSERT INTO public.tec_territory_currency (tec_ter_id, tec_cur_id, tec_iso3, tec_cur_type, tec_start, tec_end) VALUES (275, 55, 'CSD', 'OWNED', NULL, NULL);
INSERT INTO public.tec_territory_currency (tec_ter_id, tec_cur_id, tec_iso3, tec_cur_type, tec_start, tec_end) VALUES (263, 56, 'CSK', 'OWNED', NULL, NULL);
INSERT INTO public.tec_territory_currency (tec_ter_id, tec_cur_id, tec_iso3, tec_cur_type, tec_start, tec_end) VALUES (55, 57, 'CUC', 'OWNED', NULL, NULL);
INSERT INTO public.tec_territory_currency (tec_ter_id, tec_cur_id, tec_iso3, tec_cur_type, tec_start, tec_end) VALUES (55, 58, 'CUP', 'OWNED', NULL, NULL);
INSERT INTO public.tec_territory_currency (tec_ter_id, tec_cur_id, tec_iso3, tec_cur_type, tec_start, tec_end) VALUES (39, 59, 'CVE', 'OWNED', NULL, NULL);
INSERT INTO public.tec_territory_currency (tec_ter_id, tec_cur_id, tec_iso3, tec_cur_type, tec_start, tec_end) VALUES (56, 60, 'CYP', 'OWNED', NULL, NULL);
INSERT INTO public.tec_territory_currency (tec_ter_id, tec_cur_id, tec_iso3, tec_cur_type, tec_start, tec_end) VALUES (57, 61, 'CZK', 'OWNED', NULL, NULL);
INSERT INTO public.tec_territory_currency (tec_ter_id, tec_cur_id, tec_iso3, tec_cur_type, tec_start, tec_end) VALUES (267, 62, 'DDM', 'OWNED', NULL, NULL);
INSERT INTO public.tec_territory_currency (tec_ter_id, tec_cur_id, tec_iso3, tec_cur_type, tec_start, tec_end) VALUES (81, 63, 'DEM', 'OWNED', NULL, NULL);
INSERT INTO public.tec_territory_currency (tec_ter_id, tec_cur_id, tec_iso3, tec_cur_type, tec_start, tec_end) VALUES (59, 64, 'DJF', 'OWNED', NULL, NULL);
INSERT INTO public.tec_territory_currency (tec_ter_id, tec_cur_id, tec_iso3, tec_cur_type, tec_start, tec_end) VALUES (58, 65, 'DKK', 'OWNED', NULL, NULL);
INSERT INTO public.tec_territory_currency (tec_ter_id, tec_cur_id, tec_iso3, tec_cur_type, tec_start, tec_end) VALUES (61, 66, 'DOP', 'OWNED', NULL, NULL);
INSERT INTO public.tec_territory_currency (tec_ter_id, tec_cur_id, tec_iso3, tec_cur_type, tec_start, tec_end) VALUES (3, 67, 'DZD', 'OWNED', NULL, NULL);
INSERT INTO public.tec_territory_currency (tec_ter_id, tec_cur_id, tec_iso3, tec_cur_type, tec_start, tec_end) VALUES (63, 68, 'ECS', 'OWNED', NULL, NULL);
INSERT INTO public.tec_territory_currency (tec_ter_id, tec_cur_id, tec_iso3, tec_cur_type, tec_start, tec_end) VALUES (68, 69, 'EEK', 'OWNED', NULL, NULL);
INSERT INTO public.tec_territory_currency (tec_ter_id, tec_cur_id, tec_iso3, tec_cur_type, tec_start, tec_end) VALUES (64, 70, 'EGP', 'OWNED', NULL, NULL);
INSERT INTO public.tec_territory_currency (tec_ter_id, tec_cur_id, tec_iso3, tec_cur_type, tec_start, tec_end) VALUES (67, 71, 'ERN', 'OWNED', NULL, NULL);
INSERT INTO public.tec_territory_currency (tec_ter_id, tec_cur_id, tec_iso3, tec_cur_type, tec_start, tec_end) VALUES (199, 72, 'ESP', 'OWNED', NULL, NULL);
INSERT INTO public.tec_territory_currency (tec_ter_id, tec_cur_id, tec_iso3, tec_cur_type, tec_start, tec_end) VALUES (69, 73, 'ETB', 'OWNED', NULL, NULL);
INSERT INTO public.tec_territory_currency (tec_ter_id, tec_cur_id, tec_iso3, tec_cur_type, tec_start, tec_end) VALUES (245, 74, 'EUR', 'OWNED', NULL, NULL);
INSERT INTO public.tec_territory_currency (tec_ter_id, tec_cur_id, tec_iso3, tec_cur_type, tec_start, tec_end) VALUES (73, 75, 'FIM', 'OWNED', NULL, NULL);
INSERT INTO public.tec_territory_currency (tec_ter_id, tec_cur_id, tec_iso3, tec_cur_type, tec_start, tec_end) VALUES (72, 76, 'FJD', 'OWNED', NULL, NULL);
INSERT INTO public.tec_territory_currency (tec_ter_id, tec_cur_id, tec_iso3, tec_cur_type, tec_start, tec_end) VALUES (70, 77, 'FKP', 'OWNED', NULL, NULL);
INSERT INTO public.tec_territory_currency (tec_ter_id, tec_cur_id, tec_iso3, tec_cur_type, tec_start, tec_end) VALUES (74, 78, 'FRF', 'OWNED', NULL, NULL);
INSERT INTO public.tec_territory_currency (tec_ter_id, tec_cur_id, tec_iso3, tec_cur_type, tec_start, tec_end) VALUES (224, 79, 'GBP', 'OWNED', NULL, NULL);
INSERT INTO public.tec_territory_currency (tec_ter_id, tec_cur_id, tec_iso3, tec_cur_type, tec_start, tec_end) VALUES (80, 80, 'GEL', 'OWNED', NULL, NULL);
INSERT INTO public.tec_territory_currency (tec_ter_id, tec_cur_id, tec_iso3, tec_cur_type, tec_start, tec_end) VALUES (82, 81, 'GHC', 'OWNED', NULL, NULL);
INSERT INTO public.tec_territory_currency (tec_ter_id, tec_cur_id, tec_iso3, tec_cur_type, tec_start, tec_end) VALUES (82, 82, 'GHS', 'OWNED', NULL, NULL);
INSERT INTO public.tec_territory_currency (tec_ter_id, tec_cur_id, tec_iso3, tec_cur_type, tec_start, tec_end) VALUES (83, 83, 'GIP', 'OWNED', NULL, NULL);
INSERT INTO public.tec_territory_currency (tec_ter_id, tec_cur_id, tec_iso3, tec_cur_type, tec_start, tec_end) VALUES (79, 84, 'GMD', 'OWNED', NULL, NULL);
INSERT INTO public.tec_territory_currency (tec_ter_id, tec_cur_id, tec_iso3, tec_cur_type, tec_start, tec_end) VALUES (90, 85, 'GNE', 'OWNED', NULL, NULL);
INSERT INTO public.tec_territory_currency (tec_ter_id, tec_cur_id, tec_iso3, tec_cur_type, tec_start, tec_end) VALUES (90, 86, 'GNF', 'OWNED', NULL, NULL);
INSERT INTO public.tec_territory_currency (tec_ter_id, tec_cur_id, tec_iso3, tec_cur_type, tec_start, tec_end) VALUES (66, 87, 'GQE', 'OWNED', NULL, NULL);
INSERT INTO public.tec_territory_currency (tec_ter_id, tec_cur_id, tec_iso3, tec_cur_type, tec_start, tec_end) VALUES (84, 88, 'GRD', 'OWNED', NULL, NULL);
INSERT INTO public.tec_territory_currency (tec_ter_id, tec_cur_id, tec_iso3, tec_cur_type, tec_start, tec_end) VALUES (89, 89, 'GTQ', 'OWNED', NULL, NULL);
INSERT INTO public.tec_territory_currency (tec_ter_id, tec_cur_id, tec_iso3, tec_cur_type, tec_start, tec_end) VALUES (91, 90, 'GWP', 'OWNED', NULL, NULL);
INSERT INTO public.tec_territory_currency (tec_ter_id, tec_cur_id, tec_iso3, tec_cur_type, tec_start, tec_end) VALUES (92, 91, 'GYD', 'OWNED', NULL, NULL);
INSERT INTO public.tec_territory_currency (tec_ter_id, tec_cur_id, tec_iso3, tec_cur_type, tec_start, tec_end) VALUES (97, 92, 'HKD', 'OWNED', NULL, NULL);
INSERT INTO public.tec_territory_currency (tec_ter_id, tec_cur_id, tec_iso3, tec_cur_type, tec_start, tec_end) VALUES (96, 93, 'HNL', 'OWNED', NULL, NULL);
INSERT INTO public.tec_territory_currency (tec_ter_id, tec_cur_id, tec_iso3, tec_cur_type, tec_start, tec_end) VALUES (54, 94, 'HRD', 'OWNED', NULL, NULL);
INSERT INTO public.tec_territory_currency (tec_ter_id, tec_cur_id, tec_iso3, tec_cur_type, tec_start, tec_end) VALUES (54, 95, 'HRK', 'OWNED', NULL, NULL);
INSERT INTO public.tec_territory_currency (tec_ter_id, tec_cur_id, tec_iso3, tec_cur_type, tec_start, tec_end) VALUES (93, 96, 'HTG', 'OWNED', NULL, NULL);
INSERT INTO public.tec_territory_currency (tec_ter_id, tec_cur_id, tec_iso3, tec_cur_type, tec_start, tec_end) VALUES (98, 97, 'HUF', 'OWNED', NULL, NULL);
INSERT INTO public.tec_territory_currency (tec_ter_id, tec_cur_id, tec_iso3, tec_cur_type, tec_start, tec_end) VALUES (101, 98, 'IDR', 'OWNED', NULL, NULL);
INSERT INTO public.tec_territory_currency (tec_ter_id, tec_cur_id, tec_iso3, tec_cur_type, tec_start, tec_end) VALUES (104, 99, 'IEP', 'OWNED', NULL, NULL);
INSERT INTO public.tec_territory_currency (tec_ter_id, tec_cur_id, tec_iso3, tec_cur_type, tec_start, tec_end) VALUES (105, 100, 'ILP', 'OWNED', NULL, NULL);
INSERT INTO public.tec_territory_currency (tec_ter_id, tec_cur_id, tec_iso3, tec_cur_type, tec_start, tec_end) VALUES (105, 101, 'ILR', 'OWNED', NULL, NULL);
INSERT INTO public.tec_territory_currency (tec_ter_id, tec_cur_id, tec_iso3, tec_cur_type, tec_start, tec_end) VALUES (105, 102, 'ILS', 'OWNED', NULL, NULL);
INSERT INTO public.tec_territory_currency (tec_ter_id, tec_cur_id, tec_iso3, tec_cur_type, tec_start, tec_end) VALUES (100, 103, 'INR', 'OWNED', NULL, NULL);
INSERT INTO public.tec_territory_currency (tec_ter_id, tec_cur_id, tec_iso3, tec_cur_type, tec_start, tec_end) VALUES (103, 104, 'IQD', 'OWNED', NULL, NULL);
INSERT INTO public.tec_territory_currency (tec_ter_id, tec_cur_id, tec_iso3, tec_cur_type, tec_start, tec_end) VALUES (102, 105, 'IRR', 'OWNED', NULL, NULL);
INSERT INTO public.tec_territory_currency (tec_ter_id, tec_cur_id, tec_iso3, tec_cur_type, tec_start, tec_end) VALUES (99, 106, 'ISJ', 'OWNED', NULL, NULL);
INSERT INTO public.tec_territory_currency (tec_ter_id, tec_cur_id, tec_iso3, tec_cur_type, tec_start, tec_end) VALUES (99, 107, 'ISK', 'OWNED', NULL, NULL);
INSERT INTO public.tec_territory_currency (tec_ter_id, tec_cur_id, tec_iso3, tec_cur_type, tec_start, tec_end) VALUES (106, 108, 'ITL', 'OWNED', NULL, NULL);
INSERT INTO public.tec_territory_currency (tec_ter_id, tec_cur_id, tec_iso3, tec_cur_type, tec_start, tec_end) VALUES (107, 109, 'JMD', 'OWNED', NULL, NULL);
INSERT INTO public.tec_territory_currency (tec_ter_id, tec_cur_id, tec_iso3, tec_cur_type, tec_start, tec_end) VALUES (109, 110, 'JOD', 'OWNED', NULL, NULL);
INSERT INTO public.tec_territory_currency (tec_ter_id, tec_cur_id, tec_iso3, tec_cur_type, tec_start, tec_end) VALUES (108, 111, 'JPY', 'OWNED', NULL, NULL);
INSERT INTO public.tec_territory_currency (tec_ter_id, tec_cur_id, tec_iso3, tec_cur_type, tec_start, tec_end) VALUES (111, 112, 'KES', 'OWNED', NULL, NULL);
INSERT INTO public.tec_territory_currency (tec_ter_id, tec_cur_id, tec_iso3, tec_cur_type, tec_start, tec_end) VALUES (114, 113, 'KGS', 'OWNED', NULL, NULL);
INSERT INTO public.tec_territory_currency (tec_ter_id, tec_cur_id, tec_iso3, tec_cur_type, tec_start, tec_end) VALUES (36, 114, 'KHR', 'OWNED', NULL, NULL);
INSERT INTO public.tec_territory_currency (tec_ter_id, tec_cur_id, tec_iso3, tec_cur_type, tec_start, tec_end) VALUES (48, 115, 'KMF', 'OWNED', NULL, NULL);
INSERT INTO public.tec_territory_currency (tec_ter_id, tec_cur_id, tec_iso3, tec_cur_type, tec_start, tec_end) VALUES (158, 116, 'KPW', 'OWNED', NULL, NULL);
INSERT INTO public.tec_territory_currency (tec_ter_id, tec_cur_id, tec_iso3, tec_cur_type, tec_start, tec_end) VALUES (198, 117, 'KRW', 'OWNED', NULL, NULL);
INSERT INTO public.tec_territory_currency (tec_ter_id, tec_cur_id, tec_iso3, tec_cur_type, tec_start, tec_end) VALUES (113, 118, 'KWD', 'OWNED', NULL, NULL);
INSERT INTO public.tec_territory_currency (tec_ter_id, tec_cur_id, tec_iso3, tec_cur_type, tec_start, tec_end) VALUES (40, 119, 'KYD', 'OWNED', NULL, NULL);
INSERT INTO public.tec_territory_currency (tec_ter_id, tec_cur_id, tec_iso3, tec_cur_type, tec_start, tec_end) VALUES (110, 120, 'KZT', 'OWNED', NULL, NULL);
INSERT INTO public.tec_territory_currency (tec_ter_id, tec_cur_id, tec_iso3, tec_cur_type, tec_start, tec_end) VALUES (115, 121, 'LAJ', 'OWNED', NULL, NULL);
INSERT INTO public.tec_territory_currency (tec_ter_id, tec_cur_id, tec_iso3, tec_cur_type, tec_start, tec_end) VALUES (115, 122, 'LAK', 'OWNED', NULL, NULL);
INSERT INTO public.tec_territory_currency (tec_ter_id, tec_cur_id, tec_iso3, tec_cur_type, tec_start, tec_end) VALUES (117, 123, 'LBP', 'OWNED', NULL, NULL);
INSERT INTO public.tec_territory_currency (tec_ter_id, tec_cur_id, tec_iso3, tec_cur_type, tec_start, tec_end) VALUES (200, 124, 'LKR', 'OWNED', NULL, NULL);
INSERT INTO public.tec_territory_currency (tec_ter_id, tec_cur_id, tec_iso3, tec_cur_type, tec_start, tec_end) VALUES (119, 125, 'LRD', 'OWNED', NULL, NULL);
INSERT INTO public.tec_territory_currency (tec_ter_id, tec_cur_id, tec_iso3, tec_cur_type, tec_start, tec_end) VALUES (118, 126, 'LSL', 'OWNED', NULL, NULL);
INSERT INTO public.tec_territory_currency (tec_ter_id, tec_cur_id, tec_iso3, tec_cur_type, tec_start, tec_end) VALUES (122, 127, 'LTL', 'OWNED', NULL, NULL);
INSERT INTO public.tec_territory_currency (tec_ter_id, tec_cur_id, tec_iso3, tec_cur_type, tec_start, tec_end) VALUES (123, 128, 'LUF', 'OWNED', NULL, NULL);
INSERT INTO public.tec_territory_currency (tec_ter_id, tec_cur_id, tec_iso3, tec_cur_type, tec_start, tec_end) VALUES (116, 129, 'LVL', 'OWNED', NULL, NULL);
INSERT INTO public.tec_territory_currency (tec_ter_id, tec_cur_id, tec_iso3, tec_cur_type, tec_start, tec_end) VALUES (120, 130, 'LYD', 'OWNED', NULL, NULL);
INSERT INTO public.tec_territory_currency (tec_ter_id, tec_cur_id, tec_iso3, tec_cur_type, tec_start, tec_end) VALUES (143, 131, 'MAD', 'OWNED', NULL, NULL);
INSERT INTO public.tec_territory_currency (tec_ter_id, tec_cur_id, tec_iso3, tec_cur_type, tec_start, tec_end) VALUES (143, 132, 'MAF', 'OWNED', NULL, NULL);
INSERT INTO public.tec_territory_currency (tec_ter_id, tec_cur_id, tec_iso3, tec_cur_type, tec_start, tec_end) VALUES (140, 133, 'MCF', 'OWNED', NULL, NULL);
INSERT INTO public.tec_territory_currency (tec_ter_id, tec_cur_id, tec_iso3, tec_cur_type, tec_start, tec_end) VALUES (139, 134, 'MDL', 'OWNED', NULL, NULL);
INSERT INTO public.tec_territory_currency (tec_ter_id, tec_cur_id, tec_iso3, tec_cur_type, tec_start, tec_end) VALUES (126, 135, 'MGA', 'OWNED', NULL, NULL);
INSERT INTO public.tec_territory_currency (tec_ter_id, tec_cur_id, tec_iso3, tec_cur_type, tec_start, tec_end) VALUES (126, 136, 'MGF', 'OWNED', NULL, NULL);
INSERT INTO public.tec_territory_currency (tec_ter_id, tec_cur_id, tec_iso3, tec_cur_type, tec_start, tec_end) VALUES (125, 137, 'MKD', 'OWNED', NULL, NULL);
INSERT INTO public.tec_territory_currency (tec_ter_id, tec_cur_id, tec_iso3, tec_cur_type, tec_start, tec_end) VALUES (125, 138, 'MKN', 'OWNED', NULL, NULL);
INSERT INTO public.tec_territory_currency (tec_ter_id, tec_cur_id, tec_iso3, tec_cur_type, tec_start, tec_end) VALUES (130, 139, 'MLF', 'OWNED', NULL, NULL);
INSERT INTO public.tec_territory_currency (tec_ter_id, tec_cur_id, tec_iso3, tec_cur_type, tec_start, tec_end) VALUES (145, 140, 'MMK', 'OWNED', NULL, NULL);
INSERT INTO public.tec_territory_currency (tec_ter_id, tec_cur_id, tec_iso3, tec_cur_type, tec_start, tec_end) VALUES (141, 141, 'MNT', 'OWNED', NULL, NULL);
INSERT INTO public.tec_territory_currency (tec_ter_id, tec_cur_id, tec_iso3, tec_cur_type, tec_start, tec_end) VALUES (124, 142, 'MOP', 'OWNED', NULL, NULL);
INSERT INTO public.tec_territory_currency (tec_ter_id, tec_cur_id, tec_iso3, tec_cur_type, tec_start, tec_end) VALUES (134, 143, 'MRO', 'OWNED', NULL, NULL);
INSERT INTO public.tec_territory_currency (tec_ter_id, tec_cur_id, tec_iso3, tec_cur_type, tec_start, tec_end) VALUES (134, 144, 'MRU', 'OWNED', NULL, NULL);
INSERT INTO public.tec_territory_currency (tec_ter_id, tec_cur_id, tec_iso3, tec_cur_type, tec_start, tec_end) VALUES (131, 145, 'MTL', 'OWNED', NULL, NULL);
INSERT INTO public.tec_territory_currency (tec_ter_id, tec_cur_id, tec_iso3, tec_cur_type, tec_start, tec_end) VALUES (135, 146, 'MUR', 'OWNED', NULL, NULL);
INSERT INTO public.tec_territory_currency (tec_ter_id, tec_cur_id, tec_iso3, tec_cur_type, tec_start, tec_end) VALUES (129, 147, 'MVQ', 'OWNED', NULL, NULL);
INSERT INTO public.tec_territory_currency (tec_ter_id, tec_cur_id, tec_iso3, tec_cur_type, tec_start, tec_end) VALUES (129, 148, 'MVR', 'OWNED', NULL, NULL);
INSERT INTO public.tec_territory_currency (tec_ter_id, tec_cur_id, tec_iso3, tec_cur_type, tec_start, tec_end) VALUES (127, 149, 'MWK', 'OWNED', NULL, NULL);
INSERT INTO public.tec_territory_currency (tec_ter_id, tec_cur_id, tec_iso3, tec_cur_type, tec_start, tec_end) VALUES (137, 150, 'MXN', 'OWNED', NULL, NULL);
INSERT INTO public.tec_territory_currency (tec_ter_id, tec_cur_id, tec_iso3, tec_cur_type, tec_start, tec_end) VALUES (137, 151, 'MXP', 'OWNED', NULL, NULL);
INSERT INTO public.tec_territory_currency (tec_ter_id, tec_cur_id, tec_iso3, tec_cur_type, tec_start, tec_end) VALUES (128, 152, 'MYR', 'OWNED', NULL, NULL);
INSERT INTO public.tec_territory_currency (tec_ter_id, tec_cur_id, tec_iso3, tec_cur_type, tec_start, tec_end) VALUES (144, 153, 'MZM', 'OWNED', NULL, NULL);
INSERT INTO public.tec_territory_currency (tec_ter_id, tec_cur_id, tec_iso3, tec_cur_type, tec_start, tec_end) VALUES (144, 154, 'MZN', 'OWNED', NULL, NULL);
INSERT INTO public.tec_territory_currency (tec_ter_id, tec_cur_id, tec_iso3, tec_cur_type, tec_start, tec_end) VALUES (146, 155, 'NAD', 'OWNED', NULL, NULL);
INSERT INTO public.tec_territory_currency (tec_ter_id, tec_cur_id, tec_iso3, tec_cur_type, tec_start, tec_end) VALUES (155, 156, 'NGN', 'OWNED', NULL, NULL);
INSERT INTO public.tec_territory_currency (tec_ter_id, tec_cur_id, tec_iso3, tec_cur_type, tec_start, tec_end) VALUES (153, 157, 'NIC', 'OWNED', NULL, NULL);
INSERT INTO public.tec_territory_currency (tec_ter_id, tec_cur_id, tec_iso3, tec_cur_type, tec_start, tec_end) VALUES (153, 158, 'NIO', 'OWNED', NULL, NULL);
INSERT INTO public.tec_territory_currency (tec_ter_id, tec_cur_id, tec_iso3, tec_cur_type, tec_start, tec_end) VALUES (149, 159, 'NLG', 'OWNED', NULL, NULL);
INSERT INTO public.tec_territory_currency (tec_ter_id, tec_cur_id, tec_iso3, tec_cur_type, tec_start, tec_end) VALUES (160, 160, 'NOK', 'OWNED', NULL, NULL);
INSERT INTO public.tec_territory_currency (tec_ter_id, tec_cur_id, tec_iso3, tec_cur_type, tec_start, tec_end) VALUES (148, 161, 'NPR', 'OWNED', NULL, NULL);
INSERT INTO public.tec_territory_currency (tec_ter_id, tec_cur_id, tec_iso3, tec_cur_type, tec_start, tec_end) VALUES (152, 162, 'NZD', 'OWNED', NULL, NULL);
INSERT INTO public.tec_territory_currency (tec_ter_id, tec_cur_id, tec_iso3, tec_cur_type, tec_start, tec_end) VALUES (161, 163, 'OMR', 'OWNED', NULL, NULL);
INSERT INTO public.tec_territory_currency (tec_ter_id, tec_cur_id, tec_iso3, tec_cur_type, tec_start, tec_end) VALUES (165, 164, 'PAB', 'OWNED', NULL, NULL);
INSERT INTO public.tec_territory_currency (tec_ter_id, tec_cur_id, tec_iso3, tec_cur_type, tec_start, tec_end) VALUES (168, 165, 'PEH', 'OWNED', NULL, NULL);
INSERT INTO public.tec_territory_currency (tec_ter_id, tec_cur_id, tec_iso3, tec_cur_type, tec_start, tec_end) VALUES (168, 166, 'PEI', 'OWNED', NULL, NULL);
INSERT INTO public.tec_territory_currency (tec_ter_id, tec_cur_id, tec_iso3, tec_cur_type, tec_start, tec_end) VALUES (168, 167, 'PEN', 'OWNED', NULL, NULL);
INSERT INTO public.tec_territory_currency (tec_ter_id, tec_cur_id, tec_iso3, tec_cur_type, tec_start, tec_end) VALUES (166, 168, 'PGK', 'OWNED', NULL, NULL);
INSERT INTO public.tec_territory_currency (tec_ter_id, tec_cur_id, tec_iso3, tec_cur_type, tec_start, tec_end) VALUES (169, 169, 'PHP', 'OWNED', NULL, NULL);
INSERT INTO public.tec_territory_currency (tec_ter_id, tec_cur_id, tec_iso3, tec_cur_type, tec_start, tec_end) VALUES (162, 170, 'PKR', 'OWNED', NULL, NULL);
INSERT INTO public.tec_territory_currency (tec_ter_id, tec_cur_id, tec_iso3, tec_cur_type, tec_start, tec_end) VALUES (171, 171, 'PLN', 'OWNED', NULL, NULL);
INSERT INTO public.tec_territory_currency (tec_ter_id, tec_cur_id, tec_iso3, tec_cur_type, tec_start, tec_end) VALUES (171, 172, 'PLZ', 'OWNED', NULL, NULL);
INSERT INTO public.tec_territory_currency (tec_ter_id, tec_cur_id, tec_iso3, tec_cur_type, tec_start, tec_end) VALUES (172, 173, 'PTE', 'OWNED', NULL, NULL);
INSERT INTO public.tec_territory_currency (tec_ter_id, tec_cur_id, tec_iso3, tec_cur_type, tec_start, tec_end) VALUES (167, 174, 'PYG', 'OWNED', NULL, NULL);
INSERT INTO public.tec_territory_currency (tec_ter_id, tec_cur_id, tec_iso3, tec_cur_type, tec_start, tec_end) VALUES (174, 175, 'QAR', 'OWNED', NULL, NULL);
INSERT INTO public.tec_territory_currency (tec_ter_id, tec_cur_id, tec_iso3, tec_cur_type, tec_start, tec_end) VALUES (176, 176, 'ROL', 'OWNED', NULL, NULL);
INSERT INTO public.tec_territory_currency (tec_ter_id, tec_cur_id, tec_iso3, tec_cur_type, tec_start, tec_end) VALUES (176, 177, 'RON', 'OWNED', NULL, NULL);
INSERT INTO public.tec_territory_currency (tec_ter_id, tec_cur_id, tec_iso3, tec_cur_type, tec_start, tec_end) VALUES (250, 178, 'RSD', 'OWNED', NULL, NULL);
INSERT INTO public.tec_territory_currency (tec_ter_id, tec_cur_id, tec_iso3, tec_cur_type, tec_start, tec_end) VALUES (177, 179, 'RUB', 'OWNED', NULL, NULL);
INSERT INTO public.tec_territory_currency (tec_ter_id, tec_cur_id, tec_iso3, tec_cur_type, tec_start, tec_end) VALUES (177, 180, 'RUR', 'OWNED', NULL, NULL);
INSERT INTO public.tec_territory_currency (tec_ter_id, tec_cur_id, tec_iso3, tec_cur_type, tec_start, tec_end) VALUES (178, 181, 'RWF', 'OWNED', NULL, NULL);
INSERT INTO public.tec_territory_currency (tec_ter_id, tec_cur_id, tec_iso3, tec_cur_type, tec_start, tec_end) VALUES (187, 182, 'SAR', 'OWNED', NULL, NULL);
INSERT INTO public.tec_territory_currency (tec_ter_id, tec_cur_id, tec_iso3, tec_cur_type, tec_start, tec_end) VALUES (194, 183, 'SBD', 'OWNED', NULL, NULL);
INSERT INTO public.tec_territory_currency (tec_ter_id, tec_cur_id, tec_iso3, tec_cur_type, tec_start, tec_end) VALUES (189, 184, 'SCR', 'OWNED', NULL, NULL);
INSERT INTO public.tec_territory_currency (tec_ter_id, tec_cur_id, tec_iso3, tec_cur_type, tec_start, tec_end) VALUES (201, 185, 'SDD', 'OWNED', NULL, NULL);
INSERT INTO public.tec_territory_currency (tec_ter_id, tec_cur_id, tec_iso3, tec_cur_type, tec_start, tec_end) VALUES (201, 186, 'SDG', 'OWNED', NULL, NULL);
INSERT INTO public.tec_territory_currency (tec_ter_id, tec_cur_id, tec_iso3, tec_cur_type, tec_start, tec_end) VALUES (201, 187, 'SDP', 'OWNED', NULL, NULL);
INSERT INTO public.tec_territory_currency (tec_ter_id, tec_cur_id, tec_iso3, tec_cur_type, tec_start, tec_end) VALUES (205, 188, 'SEK', 'OWNED', NULL, NULL);
INSERT INTO public.tec_territory_currency (tec_ter_id, tec_cur_id, tec_iso3, tec_cur_type, tec_start, tec_end) VALUES (191, 189, 'SGD', 'OWNED', NULL, NULL);
INSERT INTO public.tec_territory_currency (tec_ter_id, tec_cur_id, tec_iso3, tec_cur_type, tec_start, tec_end) VALUES (179, 190, 'SHP', 'OWNED', NULL, NULL);
INSERT INTO public.tec_territory_currency (tec_ter_id, tec_cur_id, tec_iso3, tec_cur_type, tec_start, tec_end) VALUES (193, 191, 'SIT', 'OWNED', NULL, NULL);
INSERT INTO public.tec_territory_currency (tec_ter_id, tec_cur_id, tec_iso3, tec_cur_type, tec_start, tec_end) VALUES (192, 192, 'SKK', 'OWNED', NULL, NULL);
INSERT INTO public.tec_territory_currency (tec_ter_id, tec_cur_id, tec_iso3, tec_cur_type, tec_start, tec_end) VALUES (190, 193, 'SLL', 'OWNED', NULL, NULL);
INSERT INTO public.tec_territory_currency (tec_ter_id, tec_cur_id, tec_iso3, tec_cur_type, tec_start, tec_end) VALUES (185, 194, 'SML', 'OWNED', NULL, NULL);
INSERT INTO public.tec_territory_currency (tec_ter_id, tec_cur_id, tec_iso3, tec_cur_type, tec_start, tec_end) VALUES (195, 195, 'SOS', 'OWNED', NULL, NULL);
INSERT INTO public.tec_territory_currency (tec_ter_id, tec_cur_id, tec_iso3, tec_cur_type, tec_start, tec_end) VALUES (202, 196, 'SRD', 'OWNED', NULL, NULL);
INSERT INTO public.tec_territory_currency (tec_ter_id, tec_cur_id, tec_iso3, tec_cur_type, tec_start, tec_end) VALUES (202, 197, 'SRG', 'OWNED', NULL, NULL);
INSERT INTO public.tec_territory_currency (tec_ter_id, tec_cur_id, tec_iso3, tec_cur_type, tec_start, tec_end) VALUES (251, 198, 'SSP', 'OWNED', NULL, NULL);
INSERT INTO public.tec_territory_currency (tec_ter_id, tec_cur_id, tec_iso3, tec_cur_type, tec_start, tec_end) VALUES (186, 199, 'STD', 'OWNED', NULL, NULL);
INSERT INTO public.tec_territory_currency (tec_ter_id, tec_cur_id, tec_iso3, tec_cur_type, tec_start, tec_end) VALUES (186, 200, 'STN', 'OWNED', NULL, NULL);
INSERT INTO public.tec_territory_currency (tec_ter_id, tec_cur_id, tec_iso3, tec_cur_type, tec_start, tec_end) VALUES (280, 201, 'SUR', 'OWNED', NULL, NULL);
INSERT INTO public.tec_territory_currency (tec_ter_id, tec_cur_id, tec_iso3, tec_cur_type, tec_start, tec_end) VALUES (65, 202, 'SVC', 'OWNED', NULL, NULL);
INSERT INTO public.tec_territory_currency (tec_ter_id, tec_cur_id, tec_iso3, tec_cur_type, tec_start, tec_end) VALUES (207, 203, 'SYP', 'OWNED', NULL, NULL);
INSERT INTO public.tec_territory_currency (tec_ter_id, tec_cur_id, tec_iso3, tec_cur_type, tec_start, tec_end) VALUES (204, 204, 'SZL', 'OWNED', NULL, NULL);
INSERT INTO public.tec_territory_currency (tec_ter_id, tec_cur_id, tec_iso3, tec_cur_type, tec_start, tec_end) VALUES (211, 205, 'THB', 'OWNED', NULL, NULL);
INSERT INTO public.tec_territory_currency (tec_ter_id, tec_cur_id, tec_iso3, tec_cur_type, tec_start, tec_end) VALUES (209, 206, 'TJR', 'OWNED', NULL, NULL);
INSERT INTO public.tec_territory_currency (tec_ter_id, tec_cur_id, tec_iso3, tec_cur_type, tec_start, tec_end) VALUES (209, 207, 'TJS', 'OWNED', NULL, NULL);
INSERT INTO public.tec_territory_currency (tec_ter_id, tec_cur_id, tec_iso3, tec_cur_type, tec_start, tec_end) VALUES (218, 208, 'TMM', 'OWNED', NULL, NULL);
INSERT INTO public.tec_territory_currency (tec_ter_id, tec_cur_id, tec_iso3, tec_cur_type, tec_start, tec_end) VALUES (218, 209, 'TMT', 'OWNED', NULL, NULL);
INSERT INTO public.tec_territory_currency (tec_ter_id, tec_cur_id, tec_iso3, tec_cur_type, tec_start, tec_end) VALUES (216, 210, 'TND', 'OWNED', NULL, NULL);
INSERT INTO public.tec_territory_currency (tec_ter_id, tec_cur_id, tec_iso3, tec_cur_type, tec_start, tec_end) VALUES (214, 211, 'TOP', 'OWNED', NULL, NULL);
INSERT INTO public.tec_territory_currency (tec_ter_id, tec_cur_id, tec_iso3, tec_cur_type, tec_start, tec_end) VALUES (297, 212, 'TPE', 'OWNED', NULL, NULL);
INSERT INTO public.tec_territory_currency (tec_ter_id, tec_cur_id, tec_iso3, tec_cur_type, tec_start, tec_end) VALUES (217, 213, 'TRL', 'OWNED', NULL, NULL);
INSERT INTO public.tec_territory_currency (tec_ter_id, tec_cur_id, tec_iso3, tec_cur_type, tec_start, tec_end) VALUES (217, 214, 'TRY', 'OWNED', NULL, NULL);
INSERT INTO public.tec_territory_currency (tec_ter_id, tec_cur_id, tec_iso3, tec_cur_type, tec_start, tec_end) VALUES (215, 215, 'TTD', 'OWNED', NULL, NULL);
INSERT INTO public.tec_territory_currency (tec_ter_id, tec_cur_id, tec_iso3, tec_cur_type, tec_start, tec_end) VALUES (208, 216, 'TWD', 'OWNED', NULL, NULL);
INSERT INTO public.tec_territory_currency (tec_ter_id, tec_cur_id, tec_iso3, tec_cur_type, tec_start, tec_end) VALUES (210, 217, 'TZS', 'OWNED', NULL, NULL);
INSERT INTO public.tec_territory_currency (tec_ter_id, tec_cur_id, tec_iso3, tec_cur_type, tec_start, tec_end) VALUES (222, 218, 'UAH', 'OWNED', NULL, NULL);
INSERT INTO public.tec_territory_currency (tec_ter_id, tec_cur_id, tec_iso3, tec_cur_type, tec_start, tec_end) VALUES (222, 219, 'UAK', 'OWNED', NULL, NULL);
INSERT INTO public.tec_territory_currency (tec_ter_id, tec_cur_id, tec_iso3, tec_cur_type, tec_start, tec_end) VALUES (221, 220, 'UGS', 'OWNED', NULL, NULL);
INSERT INTO public.tec_territory_currency (tec_ter_id, tec_cur_id, tec_iso3, tec_cur_type, tec_start, tec_end) VALUES (221, 221, 'UGX', 'OWNED', NULL, NULL);
INSERT INTO public.tec_territory_currency (tec_ter_id, tec_cur_id, tec_iso3, tec_cur_type, tec_start, tec_end) VALUES (225, 222, 'USD', 'OWNED', NULL, NULL);
INSERT INTO public.tec_territory_currency (tec_ter_id, tec_cur_id, tec_iso3, tec_cur_type, tec_start, tec_end) VALUES (227, 223, 'UYN', 'OWNED', NULL, NULL);
INSERT INTO public.tec_territory_currency (tec_ter_id, tec_cur_id, tec_iso3, tec_cur_type, tec_start, tec_end) VALUES (227, 224, 'UYP', 'OWNED', NULL, NULL);
INSERT INTO public.tec_territory_currency (tec_ter_id, tec_cur_id, tec_iso3, tec_cur_type, tec_start, tec_end) VALUES (227, 225, 'UYU', 'OWNED', NULL, NULL);
INSERT INTO public.tec_territory_currency (tec_ter_id, tec_cur_id, tec_iso3, tec_cur_type, tec_start, tec_end) VALUES (228, 226, 'UZS', 'OWNED', NULL, NULL);
INSERT INTO public.tec_territory_currency (tec_ter_id, tec_cur_id, tec_iso3, tec_cur_type, tec_start, tec_end) VALUES (95, 227, 'VAL', 'OWNED', NULL, NULL);
INSERT INTO public.tec_territory_currency (tec_ter_id, tec_cur_id, tec_iso3, tec_cur_type, tec_start, tec_end) VALUES (230, 228, 'VEB', 'OWNED', NULL, NULL);
INSERT INTO public.tec_territory_currency (tec_ter_id, tec_cur_id, tec_iso3, tec_cur_type, tec_start, tec_end) VALUES (230, 229, 'VEF', 'OWNED', NULL, NULL);
INSERT INTO public.tec_territory_currency (tec_ter_id, tec_cur_id, tec_iso3, tec_cur_type, tec_start, tec_end) VALUES (230, 230, 'VES', 'OWNED', NULL, NULL);
INSERT INTO public.tec_territory_currency (tec_ter_id, tec_cur_id, tec_iso3, tec_cur_type, tec_start, tec_end) VALUES (231, 231, 'VND', 'OWNED', NULL, NULL);
INSERT INTO public.tec_territory_currency (tec_ter_id, tec_cur_id, tec_iso3, tec_cur_type, tec_start, tec_end) VALUES (229, 232, 'VUV', 'OWNED', NULL, NULL);
INSERT INTO public.tec_territory_currency (tec_ter_id, tec_cur_id, tec_iso3, tec_cur_type, tec_start, tec_end) VALUES (184, 233, 'WST', 'OWNED', NULL, NULL);
INSERT INTO public.tec_territory_currency (tec_ter_id, tec_cur_id, tec_iso3, tec_cur_type, tec_start, tec_end) VALUES (247, 234, 'XAF', 'OWNED', NULL, NULL);
INSERT INTO public.tec_territory_currency (tec_ter_id, tec_cur_id, tec_iso3, tec_cur_type, tec_start, tec_end) VALUES (298, 235, 'XCD', 'OWNED', NULL, NULL);
INSERT INTO public.tec_territory_currency (tec_ter_id, tec_cur_id, tec_iso3, tec_cur_type, tec_start, tec_end) VALUES (244, 236, 'XOF', 'OWNED', NULL, NULL);
INSERT INTO public.tec_territory_currency (tec_ter_id, tec_cur_id, tec_iso3, tec_cur_type, tec_start, tec_end) VALUES (299, 237, 'XPF', 'OWNED', NULL, NULL);
INSERT INTO public.tec_territory_currency (tec_ter_id, tec_cur_id, tec_iso3, tec_cur_type, tec_start, tec_end) VALUES (283, 238, 'YDD', 'OWNED', NULL, NULL);
INSERT INTO public.tec_territory_currency (tec_ter_id, tec_cur_id, tec_iso3, tec_cur_type, tec_start, tec_end) VALUES (236, 239, 'YER', 'OWNED', NULL, NULL);
INSERT INTO public.tec_territory_currency (tec_ter_id, tec_cur_id, tec_iso3, tec_cur_type, tec_start, tec_end) VALUES (284, 240, 'YUD', 'OWNED', NULL, NULL);
INSERT INTO public.tec_territory_currency (tec_ter_id, tec_cur_id, tec_iso3, tec_cur_type, tec_start, tec_end) VALUES (284, 243, 'YUN', 'OWNED', NULL, NULL);
INSERT INTO public.tec_territory_currency (tec_ter_id, tec_cur_id, tec_iso3, tec_cur_type, tec_start, tec_end) VALUES (196, 246, 'ZAR', 'OWNED', NULL, NULL);
INSERT INTO public.tec_territory_currency (tec_ter_id, tec_cur_id, tec_iso3, tec_cur_type, tec_start, tec_end) VALUES (237, 247, 'ZMK', 'OWNED', NULL, NULL);
INSERT INTO public.tec_territory_currency (tec_ter_id, tec_cur_id, tec_iso3, tec_cur_type, tec_start, tec_end) VALUES (237, 248, 'ZMW', 'OWNED', NULL, NULL);
INSERT INTO public.tec_territory_currency (tec_ter_id, tec_cur_id, tec_iso3, tec_cur_type, tec_start, tec_end) VALUES (285, 249, 'ZRN', 'OWNED', NULL, NULL);
INSERT INTO public.tec_territory_currency (tec_ter_id, tec_cur_id, tec_iso3, tec_cur_type, tec_start, tec_end) VALUES (285, 250, 'ZRZ', 'OWNED', NULL, NULL);
INSERT INTO public.tec_territory_currency (tec_ter_id, tec_cur_id, tec_iso3, tec_cur_type, tec_start, tec_end) VALUES (300, 251, 'ZWC', 'OWNED', NULL, NULL);
INSERT INTO public.tec_territory_currency (tec_ter_id, tec_cur_id, tec_iso3, tec_cur_type, tec_start, tec_end) VALUES (238, 252, 'ZWD', 'OWNED', NULL, NULL);
INSERT INTO public.tec_territory_currency (tec_ter_id, tec_cur_id, tec_iso3, tec_cur_type, tec_start, tec_end) VALUES (238, 253, 'ZWL', 'OWNED', NULL, NULL);
INSERT INTO public.tec_territory_currency (tec_ter_id, tec_cur_id, tec_iso3, tec_cur_type, tec_start, tec_end) VALUES (238, 254, 'ZWN', 'OWNED', NULL, NULL);
INSERT INTO public.tec_territory_currency (tec_ter_id, tec_cur_id, tec_iso3, tec_cur_type, tec_start, tec_end) VALUES (238, 255, 'ZWR', 'OWNED', NULL, NULL);
INSERT INTO public.tec_territory_currency (tec_ter_id, tec_cur_id, tec_iso3, tec_cur_type, tec_start, tec_end) VALUES (14, 74, 'EUR', 'SHARED', '1999-01-01', NULL);
INSERT INTO public.tec_territory_currency (tec_ter_id, tec_cur_id, tec_iso3, tec_cur_type, tec_start, tec_end) VALUES (5, 74, 'EUR', 'SHARED', '1999-01-01', NULL);
INSERT INTO public.tec_territory_currency (tec_ter_id, tec_cur_id, tec_iso3, tec_cur_type, tec_start, tec_end) VALUES (21, 74, 'EUR', 'SHARED', '1999-01-01', NULL);
INSERT INTO public.tec_territory_currency (tec_ter_id, tec_cur_id, tec_iso3, tec_cur_type, tec_start, tec_end) VALUES (73, 74, 'EUR', 'SHARED', '1999-01-01', NULL);
INSERT INTO public.tec_territory_currency (tec_ter_id, tec_cur_id, tec_iso3, tec_cur_type, tec_start, tec_end) VALUES (74, 74, 'EUR', 'SHARED', '1999-01-01', NULL);
INSERT INTO public.tec_territory_currency (tec_ter_id, tec_cur_id, tec_iso3, tec_cur_type, tec_start, tec_end) VALUES (81, 74, 'EUR', 'SHARED', '1999-01-01', NULL);
INSERT INTO public.tec_territory_currency (tec_ter_id, tec_cur_id, tec_iso3, tec_cur_type, tec_start, tec_end) VALUES (84, 74, 'EUR', 'SHARED', '1999-01-01', NULL);
INSERT INTO public.tec_territory_currency (tec_ter_id, tec_cur_id, tec_iso3, tec_cur_type, tec_start, tec_end) VALUES (95, 74, 'EUR', 'SHARED', '1999-01-01', NULL);
INSERT INTO public.tec_territory_currency (tec_ter_id, tec_cur_id, tec_iso3, tec_cur_type, tec_start, tec_end) VALUES (104, 74, 'EUR', 'SHARED', '1999-01-01', NULL);
INSERT INTO public.tec_territory_currency (tec_ter_id, tec_cur_id, tec_iso3, tec_cur_type, tec_start, tec_end) VALUES (106, 74, 'EUR', 'SHARED', '1999-01-01', NULL);
INSERT INTO public.tec_territory_currency (tec_ter_id, tec_cur_id, tec_iso3, tec_cur_type, tec_start, tec_end) VALUES (123, 74, 'EUR', 'SHARED', '1999-01-01', NULL);
INSERT INTO public.tec_territory_currency (tec_ter_id, tec_cur_id, tec_iso3, tec_cur_type, tec_start, tec_end) VALUES (140, 74, 'EUR', 'SHARED', '1999-01-01', NULL);
INSERT INTO public.tec_territory_currency (tec_ter_id, tec_cur_id, tec_iso3, tec_cur_type, tec_start, tec_end) VALUES (149, 74, 'EUR', 'SHARED', '1999-01-01', NULL);
INSERT INTO public.tec_territory_currency (tec_ter_id, tec_cur_id, tec_iso3, tec_cur_type, tec_start, tec_end) VALUES (172, 74, 'EUR', 'SHARED', '1999-01-01', NULL);
INSERT INTO public.tec_territory_currency (tec_ter_id, tec_cur_id, tec_iso3, tec_cur_type, tec_start, tec_end) VALUES (185, 74, 'EUR', 'SHARED', '1999-01-01', NULL);
INSERT INTO public.tec_territory_currency (tec_ter_id, tec_cur_id, tec_iso3, tec_cur_type, tec_start, tec_end) VALUES (199, 74, 'EUR', 'SHARED', '1999-01-01', NULL);
INSERT INTO public.tec_territory_currency (tec_ter_id, tec_cur_id, tec_iso3, tec_cur_type, tec_start, tec_end) VALUES (56, 74, 'EUR', 'SHARED', '2008-01-01', NULL);
INSERT INTO public.tec_territory_currency (tec_ter_id, tec_cur_id, tec_iso3, tec_cur_type, tec_start, tec_end) VALUES (68, 74, 'EUR', 'SHARED', '2011-01-01', NULL);
INSERT INTO public.tec_territory_currency (tec_ter_id, tec_cur_id, tec_iso3, tec_cur_type, tec_start, tec_end) VALUES (116, 74, 'EUR', 'SHARED', '2014-01-01', NULL);
INSERT INTO public.tec_territory_currency (tec_ter_id, tec_cur_id, tec_iso3, tec_cur_type, tec_start, tec_end) VALUES (122, 74, 'EUR', 'SHARED', '2015-01-01', NULL);
INSERT INTO public.tec_territory_currency (tec_ter_id, tec_cur_id, tec_iso3, tec_cur_type, tec_start, tec_end) VALUES (131, 74, 'EUR', 'SHARED', '2008-01-01', NULL);
INSERT INTO public.tec_territory_currency (tec_ter_id, tec_cur_id, tec_iso3, tec_cur_type, tec_start, tec_end) VALUES (192, 74, 'EUR', 'SHARED', '2009-01-01', NULL);
INSERT INTO public.tec_territory_currency (tec_ter_id, tec_cur_id, tec_iso3, tec_cur_type, tec_start, tec_end) VALUES (193, 74, 'EUR', 'SHARED', '2007-01-01', NULL);
INSERT INTO public.tec_territory_currency (tec_ter_id, tec_cur_id, tec_iso3, tec_cur_type, tec_start, tec_end) VALUES (252, 74, 'EUR', 'FOREIGN', '2008', NULL);
INSERT INTO public.tec_territory_currency (tec_ter_id, tec_cur_id, tec_iso3, tec_cur_type, tec_start, tec_end) VALUES (248, 74, 'EUR', 'FOREIGN', '2006', NULL);
INSERT INTO public.tec_territory_currency (tec_ter_id, tec_cur_id, tec_iso3, tec_cur_type, tec_start, tec_end) VALUES (199, 279, NULL, 'OWNED', NULL, NULL);
INSERT INTO public.tec_territory_currency (tec_ter_id, tec_cur_id, tec_iso3, tec_cur_type, tec_start, tec_end) VALUES (199, 280, NULL, 'OWNED', NULL, NULL);
INSERT INTO public.tec_territory_currency (tec_ter_id, tec_cur_id, tec_iso3, tec_cur_type, tec_start, tec_end) VALUES (66, 273, NULL, 'OWNED', NULL, NULL);
INSERT INTO public.tec_territory_currency (tec_ter_id, tec_cur_id, tec_iso3, tec_cur_type, tec_start, tec_end) VALUES (289, 256, NULL, 'OWNED', NULL, NULL);
INSERT INTO public.tec_territory_currency (tec_ter_id, tec_cur_id, tec_iso3, tec_cur_type, tec_start, tec_end) VALUES (275, 241, 'YUG', 'OWNED', NULL, NULL);
INSERT INTO public.tec_territory_currency (tec_ter_id, tec_cur_id, tec_iso3, tec_cur_type, tec_start, tec_end) VALUES (275, 242, 'YUM', 'OWNED', NULL, NULL);
INSERT INTO public.tec_territory_currency (tec_ter_id, tec_cur_id, tec_iso3, tec_cur_type, tec_start, tec_end) VALUES (275, 244, 'YUO', 'OWNED', NULL, NULL);
INSERT INTO public.tec_territory_currency (tec_ter_id, tec_cur_id, tec_iso3, tec_cur_type, tec_start, tec_end) VALUES (275, 245, 'YUR', 'OWNED', NULL, NULL);
INSERT INTO public.tec_territory_currency (tec_ter_id, tec_cur_id, tec_iso3, tec_cur_type, tec_start, tec_end) VALUES (275, 74, 'EUR', 'FOREIGN', '2002', '2006');
INSERT INTO public.tec_territory_currency (tec_ter_id, tec_cur_id, tec_iso3, tec_cur_type, tec_start, tec_end) VALUES (275, 63, 'DEM', 'FOREIGN', '1999', '2002');
INSERT INTO public.tec_territory_currency (tec_ter_id, tec_cur_id, tec_iso3, tec_cur_type, tec_start, tec_end) VALUES (284, 281, NULL, 'OWNED', NULL, NULL);
INSERT INTO public.tec_territory_currency (tec_ter_id, tec_cur_id, tec_iso3, tec_cur_type, tec_start, tec_end) VALUES (284, 282, NULL, 'OWNED', NULL, NULL);


--
-- Data for Name: ter_territory; Type: TABLE DATA; Schema: public; Owner: postgres
--

INSERT INTO public.ter_territory (ter_id, ter_con_id, ter_tty_id, ter_iso2, ter_iso3, ter_name, ter_official_name, ter_start, ter_end, ter_parent_country_id, ter_successor_id, ter_description) VALUES (1, 5, 3, 'AF', 'AFG', 'Afghanistan', 'Islamic Republic of Afghanistan', 1919, NULL, NULL, NULL, NULL);
INSERT INTO public.ter_territory (ter_id, ter_con_id, ter_tty_id, ter_iso2, ter_iso3, ter_name, ter_official_name, ter_start, ter_end, ter_parent_country_id, ter_successor_id, ter_description) VALUES (2, 6, 3, 'AL', 'ALB', 'Albania', 'Republic of Albania', 1912, NULL, NULL, NULL, NULL);
INSERT INTO public.ter_territory (ter_id, ter_con_id, ter_tty_id, ter_iso2, ter_iso3, ter_name, ter_official_name, ter_start, ter_end, ter_parent_country_id, ter_successor_id, ter_description) VALUES (3, 4, 3, 'DZ', 'DZA', 'Algeria', 'PeopleNULLs Democratic Republic of Algeria', 1962, NULL, NULL, NULL, NULL);
INSERT INTO public.ter_territory (ter_id, ter_con_id, ter_tty_id, ter_iso2, ter_iso3, ter_name, ter_official_name, ter_start, ter_end, ter_parent_country_id, ter_successor_id, ter_description) VALUES (4, 7, 5, 'AS', 'ASM', 'American Samoa', 'American Samoa', 1899, NULL, 225, NULL, NULL);
INSERT INTO public.ter_territory (ter_id, ter_con_id, ter_tty_id, ter_iso2, ter_iso3, ter_name, ter_official_name, ter_start, ter_end, ter_parent_country_id, ter_successor_id, ter_description) VALUES (5, 6, 3, 'AD', 'AND', 'Andorra', 'Principality of Andorra', 1278, NULL, NULL, NULL, NULL);
INSERT INTO public.ter_territory (ter_id, ter_con_id, ter_tty_id, ter_iso2, ter_iso3, ter_name, ter_official_name, ter_start, ter_end, ter_parent_country_id, ter_successor_id, ter_description) VALUES (6, 4, 3, 'AO', 'AGO', 'Angola', 'Republic of Angola', 1975, NULL, NULL, NULL, NULL);
INSERT INTO public.ter_territory (ter_id, ter_con_id, ter_tty_id, ter_iso2, ter_iso3, ter_name, ter_official_name, ter_start, ter_end, ter_parent_country_id, ter_successor_id, ter_description) VALUES (7, 2, 5, 'AI', 'AIA', 'Anguilla', 'Anguilla', 1969, NULL, 224, NULL, NULL);
INSERT INTO public.ter_territory (ter_id, ter_con_id, ter_tty_id, ter_iso2, ter_iso3, ter_name, ter_official_name, ter_start, ter_end, ter_parent_country_id, ter_successor_id, ter_description) VALUES (8, 1, 1, 'AQ', 'ATA', 'Antarctica', 'Antarctica', 1959, NULL, NULL, NULL, NULL);
INSERT INTO public.ter_territory (ter_id, ter_con_id, ter_tty_id, ter_iso2, ter_iso3, ter_name, ter_official_name, ter_start, ter_end, ter_parent_country_id, ter_successor_id, ter_description) VALUES (9, 2, 3, 'AG', 'ATG', 'Antigua and Barbuda', 'Antigua and Barbuda', 1981, NULL, NULL, NULL, NULL);
INSERT INTO public.ter_territory (ter_id, ter_con_id, ter_tty_id, ter_iso2, ter_iso3, ter_name, ter_official_name, ter_start, ter_end, ter_parent_country_id, ter_successor_id, ter_description) VALUES (10, 3, 3, 'AR', 'ARG', 'Argentina', 'Argentine Republic', 1816, NULL, NULL, NULL, NULL);
INSERT INTO public.ter_territory (ter_id, ter_con_id, ter_tty_id, ter_iso2, ter_iso3, ter_name, ter_official_name, ter_start, ter_end, ter_parent_country_id, ter_successor_id, ter_description) VALUES (11, 5, 3, 'AM', 'ARM', 'Armenia', 'Republic of Armenia', 1991, NULL, NULL, NULL, NULL);
INSERT INTO public.ter_territory (ter_id, ter_con_id, ter_tty_id, ter_iso2, ter_iso3, ter_name, ter_official_name, ter_start, ter_end, ter_parent_country_id, ter_successor_id, ter_description) VALUES (12, 2, 5, 'AW', 'ABW', 'Aruba', 'Aruba', 1986, NULL, 149, NULL, NULL);
INSERT INTO public.ter_territory (ter_id, ter_con_id, ter_tty_id, ter_iso2, ter_iso3, ter_name, ter_official_name, ter_start, ter_end, ter_parent_country_id, ter_successor_id, ter_description) VALUES (13, 7, 3, 'AU', 'AUS', 'Australia', 'Commonwealth of Australia', 1901, NULL, NULL, NULL, NULL);
INSERT INTO public.ter_territory (ter_id, ter_con_id, ter_tty_id, ter_iso2, ter_iso3, ter_name, ter_official_name, ter_start, ter_end, ter_parent_country_id, ter_successor_id, ter_description) VALUES (14, 6, 3, 'AT', 'AUT', 'Austria', 'Republic of Austria', 1918, NULL, NULL, NULL, NULL);
INSERT INTO public.ter_territory (ter_id, ter_con_id, ter_tty_id, ter_iso2, ter_iso3, ter_name, ter_official_name, ter_start, ter_end, ter_parent_country_id, ter_successor_id, ter_description) VALUES (15, 5, 3, 'AZ', 'AZE', 'Azerbaijan', 'Azerbaijani Republic', 1991, NULL, NULL, NULL, NULL);
INSERT INTO public.ter_territory (ter_id, ter_con_id, ter_tty_id, ter_iso2, ter_iso3, ter_name, ter_official_name, ter_start, ter_end, ter_parent_country_id, ter_successor_id, ter_description) VALUES (16, 2, 3, 'BS', 'BHS', 'Bahamas', 'Commonwealth of The Bahamas', 1973, NULL, NULL, NULL, NULL);
INSERT INTO public.ter_territory (ter_id, ter_con_id, ter_tty_id, ter_iso2, ter_iso3, ter_name, ter_official_name, ter_start, ter_end, ter_parent_country_id, ter_successor_id, ter_description) VALUES (17, 5, 3, 'BH', 'BHR', 'Bahrain', 'State of Bahrain', 1971, NULL, NULL, NULL, NULL);
INSERT INTO public.ter_territory (ter_id, ter_con_id, ter_tty_id, ter_iso2, ter_iso3, ter_name, ter_official_name, ter_start, ter_end, ter_parent_country_id, ter_successor_id, ter_description) VALUES (18, 5, 3, 'BD', 'BGD', 'Bangladesh', 'PeopleNULLs Republic of Bangladesh', 1971, NULL, NULL, NULL, NULL);
INSERT INTO public.ter_territory (ter_id, ter_con_id, ter_tty_id, ter_iso2, ter_iso3, ter_name, ter_official_name, ter_start, ter_end, ter_parent_country_id, ter_successor_id, ter_description) VALUES (19, 2, 3, 'BB', 'BRB', 'Barbados', 'Barbados', 1966, NULL, NULL, NULL, NULL);
INSERT INTO public.ter_territory (ter_id, ter_con_id, ter_tty_id, ter_iso2, ter_iso3, ter_name, ter_official_name, ter_start, ter_end, ter_parent_country_id, ter_successor_id, ter_description) VALUES (20, 6, 3, 'BY', 'BLR', 'Belarus', 'Republic of Belarus', 1990, NULL, NULL, NULL, NULL);
INSERT INTO public.ter_territory (ter_id, ter_con_id, ter_tty_id, ter_iso2, ter_iso3, ter_name, ter_official_name, ter_start, ter_end, ter_parent_country_id, ter_successor_id, ter_description) VALUES (21, 6, 3, 'BE', 'BEL', 'Belgium', 'Kingdom of Belgium', 1830, NULL, NULL, NULL, NULL);
INSERT INTO public.ter_territory (ter_id, ter_con_id, ter_tty_id, ter_iso2, ter_iso3, ter_name, ter_official_name, ter_start, ter_end, ter_parent_country_id, ter_successor_id, ter_description) VALUES (22, 2, 3, 'BZ', 'BLZ', 'Belize', 'Belize', 1981, NULL, NULL, NULL, NULL);
INSERT INTO public.ter_territory (ter_id, ter_con_id, ter_tty_id, ter_iso2, ter_iso3, ter_name, ter_official_name, ter_start, ter_end, ter_parent_country_id, ter_successor_id, ter_description) VALUES (24, 2, 5, 'BM', 'BMU', 'Bermuda', 'Islands of Bermuda', 1612, NULL, 224, NULL, NULL);
INSERT INTO public.ter_territory (ter_id, ter_con_id, ter_tty_id, ter_iso2, ter_iso3, ter_name, ter_official_name, ter_start, ter_end, ter_parent_country_id, ter_successor_id, ter_description) VALUES (25, 5, 3, 'BT', 'BTN', 'Bhutan', 'Kingdom of Bhutan', 1910, NULL, NULL, NULL, NULL);
INSERT INTO public.ter_territory (ter_id, ter_con_id, ter_tty_id, ter_iso2, ter_iso3, ter_name, ter_official_name, ter_start, ter_end, ter_parent_country_id, ter_successor_id, ter_description) VALUES (26, 3, 3, 'BO', 'BOL', 'Bolivia', 'Republic of Bolivia', 1825, NULL, NULL, NULL, NULL);
INSERT INTO public.ter_territory (ter_id, ter_con_id, ter_tty_id, ter_iso2, ter_iso3, ter_name, ter_official_name, ter_start, ter_end, ter_parent_country_id, ter_successor_id, ter_description) VALUES (27, 6, 3, 'BA', 'BIH', 'Bosnia and Herzegovina', 'Bosnia and Herzegovina', 1992, NULL, NULL, NULL, NULL);
INSERT INTO public.ter_territory (ter_id, ter_con_id, ter_tty_id, ter_iso2, ter_iso3, ter_name, ter_official_name, ter_start, ter_end, ter_parent_country_id, ter_successor_id, ter_description) VALUES (28, 4, 3, 'BW', 'BWA', 'Botswana', 'Republic of Botswana', 1966, NULL, NULL, NULL, NULL);
INSERT INTO public.ter_territory (ter_id, ter_con_id, ter_tty_id, ter_iso2, ter_iso3, ter_name, ter_official_name, ter_start, ter_end, ter_parent_country_id, ter_successor_id, ter_description) VALUES (29, 1, 5, 'BV', 'BVT', 'Bouvet Island', 'Bouvet Island', 1928, NULL, 160, NULL, NULL);
INSERT INTO public.ter_territory (ter_id, ter_con_id, ter_tty_id, ter_iso2, ter_iso3, ter_name, ter_official_name, ter_start, ter_end, ter_parent_country_id, ter_successor_id, ter_description) VALUES (30, 3, 3, 'BR', 'BRA', 'Brazil', 'Federative Republic of Brazil', 1822, NULL, NULL, NULL, NULL);
INSERT INTO public.ter_territory (ter_id, ter_con_id, ter_tty_id, ter_iso2, ter_iso3, ter_name, ter_official_name, ter_start, ter_end, ter_parent_country_id, ter_successor_id, ter_description) VALUES (31, 4, 5, 'IO', 'IOT', 'British Indian Ocean Territory', 'British Indian Ocean Territory', 1965, NULL, 224, NULL, NULL);
INSERT INTO public.ter_territory (ter_id, ter_con_id, ter_tty_id, ter_iso2, ter_iso3, ter_name, ter_official_name, ter_start, ter_end, ter_parent_country_id, ter_successor_id, ter_description) VALUES (33, 6, 3, 'BG', 'BGR', 'Bulgaria', 'Republic of Bulgaria', 1908, NULL, NULL, NULL, NULL);
INSERT INTO public.ter_territory (ter_id, ter_con_id, ter_tty_id, ter_iso2, ter_iso3, ter_name, ter_official_name, ter_start, ter_end, ter_parent_country_id, ter_successor_id, ter_description) VALUES (34, 4, 3, 'BF', 'BFA', 'Burkina Faso', 'Burkina Faso', 1960, NULL, NULL, NULL, NULL);
INSERT INTO public.ter_territory (ter_id, ter_con_id, ter_tty_id, ter_iso2, ter_iso3, ter_name, ter_official_name, ter_start, ter_end, ter_parent_country_id, ter_successor_id, ter_description) VALUES (35, 4, 3, 'BI', 'BDI', 'Burundi', 'Republic of Burundi', 1962, NULL, NULL, NULL, NULL);
INSERT INTO public.ter_territory (ter_id, ter_con_id, ter_tty_id, ter_iso2, ter_iso3, ter_name, ter_official_name, ter_start, ter_end, ter_parent_country_id, ter_successor_id, ter_description) VALUES (36, 5, 3, 'KH', 'KHM', 'Cambodia', 'Kingdom of Cambodia', 1953, NULL, NULL, NULL, NULL);
INSERT INTO public.ter_territory (ter_id, ter_con_id, ter_tty_id, ter_iso2, ter_iso3, ter_name, ter_official_name, ter_start, ter_end, ter_parent_country_id, ter_successor_id, ter_description) VALUES (37, 4, 3, 'CM', 'CMR', 'Cameroon', 'Republic of Cameroon', 1960, NULL, NULL, NULL, NULL);
INSERT INTO public.ter_territory (ter_id, ter_con_id, ter_tty_id, ter_iso2, ter_iso3, ter_name, ter_official_name, ter_start, ter_end, ter_parent_country_id, ter_successor_id, ter_description) VALUES (38, 2, 3, 'CA', 'CAN', 'Canada', 'Canada', 1867, NULL, NULL, NULL, NULL);
INSERT INTO public.ter_territory (ter_id, ter_con_id, ter_tty_id, ter_iso2, ter_iso3, ter_name, ter_official_name, ter_start, ter_end, ter_parent_country_id, ter_successor_id, ter_description) VALUES (39, 4, 3, 'CV', 'CPV', 'Cabo Verde', 'Republic of Cape Verde', 1975, NULL, NULL, NULL, NULL);
INSERT INTO public.ter_territory (ter_id, ter_con_id, ter_tty_id, ter_iso2, ter_iso3, ter_name, ter_official_name, ter_start, ter_end, ter_parent_country_id, ter_successor_id, ter_description) VALUES (40, 2, 5, 'KY', 'CYM', 'Cayman Islands', 'Cayman Islands', 1962, NULL, 224, NULL, NULL);
INSERT INTO public.ter_territory (ter_id, ter_con_id, ter_tty_id, ter_iso2, ter_iso3, ter_name, ter_official_name, ter_start, ter_end, ter_parent_country_id, ter_successor_id, ter_description) VALUES (41, 4, 3, 'CF', 'CAF', 'Central African Republic', 'Central African Republic', 1960, NULL, NULL, NULL, NULL);
INSERT INTO public.ter_territory (ter_id, ter_con_id, ter_tty_id, ter_iso2, ter_iso3, ter_name, ter_official_name, ter_start, ter_end, ter_parent_country_id, ter_successor_id, ter_description) VALUES (42, 4, 3, 'TD', 'TCD', 'Chad', 'Republic of Chad', 1960, NULL, NULL, NULL, NULL);
INSERT INTO public.ter_territory (ter_id, ter_con_id, ter_tty_id, ter_iso2, ter_iso3, ter_name, ter_official_name, ter_start, ter_end, ter_parent_country_id, ter_successor_id, ter_description) VALUES (43, 3, 3, 'CL', 'CHL', 'Chile', 'Republic of Chile', 1810, NULL, NULL, NULL, NULL);
INSERT INTO public.ter_territory (ter_id, ter_con_id, ter_tty_id, ter_iso2, ter_iso3, ter_name, ter_official_name, ter_start, ter_end, ter_parent_country_id, ter_successor_id, ter_description) VALUES (44, 5, 3, 'CN', 'CHN', 'China', 'PeopleNULLs Republic of China', -221, NULL, NULL, NULL, NULL);
INSERT INTO public.ter_territory (ter_id, ter_con_id, ter_tty_id, ter_iso2, ter_iso3, ter_name, ter_official_name, ter_start, ter_end, ter_parent_country_id, ter_successor_id, ter_description) VALUES (45, 7, 5, 'CX', 'CXR', 'Christmas Island', 'Territory of Christmas Island', 1958, NULL, 13, NULL, NULL);
INSERT INTO public.ter_territory (ter_id, ter_con_id, ter_tty_id, ter_iso2, ter_iso3, ter_name, ter_official_name, ter_start, ter_end, ter_parent_country_id, ter_successor_id, ter_description) VALUES (46, 7, 5, 'CC', 'CCK', 'Cocos (Keeling) Islands', 'Territory of Cocos (Keeling) Islands ', 1955, NULL, 13, NULL, NULL);
INSERT INTO public.ter_territory (ter_id, ter_con_id, ter_tty_id, ter_iso2, ter_iso3, ter_name, ter_official_name, ter_start, ter_end, ter_parent_country_id, ter_successor_id, ter_description) VALUES (47, 3, 3, 'CO', 'COL', 'Colombia', 'Republic of Colombia', 1810, NULL, NULL, NULL, NULL);
INSERT INTO public.ter_territory (ter_id, ter_con_id, ter_tty_id, ter_iso2, ter_iso3, ter_name, ter_official_name, ter_start, ter_end, ter_parent_country_id, ter_successor_id, ter_description) VALUES (48, 4, 3, 'KM', 'COM', 'Comoros', 'Federal Islamic Republic of the Comoros', 1975, NULL, NULL, NULL, NULL);
INSERT INTO public.ter_territory (ter_id, ter_con_id, ter_tty_id, ter_iso2, ter_iso3, ter_name, ter_official_name, ter_start, ter_end, ter_parent_country_id, ter_successor_id, ter_description) VALUES (49, 4, 3, 'CG', 'COG', 'Congo, Republic', 'Republic of the Congo', 1960, NULL, NULL, NULL, 'Also known as Congo-Brazzaville to avoid the confusion with the neighbouring country');
INSERT INTO public.ter_territory (ter_id, ter_con_id, ter_tty_id, ter_iso2, ter_iso3, ter_name, ter_official_name, ter_start, ter_end, ter_parent_country_id, ter_successor_id, ter_description) VALUES (51, 7, 5, 'CK', 'COK', 'Cook Islands', 'Cook Islands', 1965, NULL, 152, NULL, NULL);
INSERT INTO public.ter_territory (ter_id, ter_con_id, ter_tty_id, ter_iso2, ter_iso3, ter_name, ter_official_name, ter_start, ter_end, ter_parent_country_id, ter_successor_id, ter_description) VALUES (52, 2, 3, 'CR', 'CRI', 'Costa Rica', 'Republic of Costa Rica', 1821, NULL, NULL, NULL, NULL);
INSERT INTO public.ter_territory (ter_id, ter_con_id, ter_tty_id, ter_iso2, ter_iso3, ter_name, ter_official_name, ter_start, ter_end, ter_parent_country_id, ter_successor_id, ter_description) VALUES (54, 6, 3, 'HR', 'HRV', 'Croatia', 'Republic of Croatia', 1991, NULL, NULL, NULL, NULL);
INSERT INTO public.ter_territory (ter_id, ter_con_id, ter_tty_id, ter_iso2, ter_iso3, ter_name, ter_official_name, ter_start, ter_end, ter_parent_country_id, ter_successor_id, ter_description) VALUES (55, 2, 3, 'CU', 'CUB', 'Cuba', 'Republic of Cuba', 1902, NULL, NULL, NULL, NULL);
INSERT INTO public.ter_territory (ter_id, ter_con_id, ter_tty_id, ter_iso2, ter_iso3, ter_name, ter_official_name, ter_start, ter_end, ter_parent_country_id, ter_successor_id, ter_description) VALUES (56, 6, 3, 'CY', 'CYP', 'Cyprus', 'Republic of Cyprus', 1960, NULL, NULL, NULL, NULL);
INSERT INTO public.ter_territory (ter_id, ter_con_id, ter_tty_id, ter_iso2, ter_iso3, ter_name, ter_official_name, ter_start, ter_end, ter_parent_country_id, ter_successor_id, ter_description) VALUES (57, 6, 3, 'CZ', 'CZE', 'Czech Republic', 'Czech Republic', 1993, NULL, NULL, NULL, NULL);
INSERT INTO public.ter_territory (ter_id, ter_con_id, ter_tty_id, ter_iso2, ter_iso3, ter_name, ter_official_name, ter_start, ter_end, ter_parent_country_id, ter_successor_id, ter_description) VALUES (58, 6, 3, 'DK', 'DNK', 'Denmark', 'Kingdom of Denmark', 777, NULL, NULL, NULL, NULL);
INSERT INTO public.ter_territory (ter_id, ter_con_id, ter_tty_id, ter_iso2, ter_iso3, ter_name, ter_official_name, ter_start, ter_end, ter_parent_country_id, ter_successor_id, ter_description) VALUES (59, 4, 3, 'DJ', 'DJI', 'Djibouti', 'Republic of Djibouti', 1977, NULL, NULL, NULL, NULL);
INSERT INTO public.ter_territory (ter_id, ter_con_id, ter_tty_id, ter_iso2, ter_iso3, ter_name, ter_official_name, ter_start, ter_end, ter_parent_country_id, ter_successor_id, ter_description) VALUES (60, 2, 3, 'DM', 'DMA', 'Dominica', 'Commonwealth of Dominica', 1978, NULL, NULL, NULL, NULL);
INSERT INTO public.ter_territory (ter_id, ter_con_id, ter_tty_id, ter_iso2, ter_iso3, ter_name, ter_official_name, ter_start, ter_end, ter_parent_country_id, ter_successor_id, ter_description) VALUES (61, 2, 3, 'DO', 'DOM', 'Dominican Republic', 'Dominican Republic', 1844, NULL, NULL, NULL, NULL);
INSERT INTO public.ter_territory (ter_id, ter_con_id, ter_tty_id, ter_iso2, ter_iso3, ter_name, ter_official_name, ter_start, ter_end, ter_parent_country_id, ter_successor_id, ter_description) VALUES (62, 5, 3, 'TL', 'TLS', 'Timor-Leste', 'Democratic Republic of Timor-Leste', 2002, NULL, NULL, NULL, NULL);
INSERT INTO public.ter_territory (ter_id, ter_con_id, ter_tty_id, ter_iso2, ter_iso3, ter_name, ter_official_name, ter_start, ter_end, ter_parent_country_id, ter_successor_id, ter_description) VALUES (63, 3, 3, 'EC', 'ECU', 'Ecuador', 'Republic of Ecuador', 1822, NULL, NULL, NULL, NULL);
INSERT INTO public.ter_territory (ter_id, ter_con_id, ter_tty_id, ter_iso2, ter_iso3, ter_name, ter_official_name, ter_start, ter_end, ter_parent_country_id, ter_successor_id, ter_description) VALUES (64, 4, 3, 'EG', 'EGY', 'Egypt', 'Arab Republic of Egypt', 1922, NULL, NULL, NULL, NULL);
INSERT INTO public.ter_territory (ter_id, ter_con_id, ter_tty_id, ter_iso2, ter_iso3, ter_name, ter_official_name, ter_start, ter_end, ter_parent_country_id, ter_successor_id, ter_description) VALUES (65, 2, 3, 'SV', 'SLV', 'El Salvador', 'Republic of El Salvador', 1841, NULL, NULL, NULL, NULL);
INSERT INTO public.ter_territory (ter_id, ter_con_id, ter_tty_id, ter_iso2, ter_iso3, ter_name, ter_official_name, ter_start, ter_end, ter_parent_country_id, ter_successor_id, ter_description) VALUES (66, 4, 3, 'GQ', 'GNQ', 'Equatorial Guinea', 'Republic of Equatorial Guinea', 1968, NULL, NULL, NULL, NULL);
INSERT INTO public.ter_territory (ter_id, ter_con_id, ter_tty_id, ter_iso2, ter_iso3, ter_name, ter_official_name, ter_start, ter_end, ter_parent_country_id, ter_successor_id, ter_description) VALUES (67, 4, 3, 'ER', 'ERI', 'Eritrea', 'State of Eritrea', 1993, NULL, NULL, NULL, NULL);
INSERT INTO public.ter_territory (ter_id, ter_con_id, ter_tty_id, ter_iso2, ter_iso3, ter_name, ter_official_name, ter_start, ter_end, ter_parent_country_id, ter_successor_id, ter_description) VALUES (68, 6, 3, 'EE', 'EST', 'Estonia', 'Republic of Estonia', 1991, NULL, NULL, NULL, NULL);
INSERT INTO public.ter_territory (ter_id, ter_con_id, ter_tty_id, ter_iso2, ter_iso3, ter_name, ter_official_name, ter_start, ter_end, ter_parent_country_id, ter_successor_id, ter_description) VALUES (69, 4, 3, 'ET', 'ETH', 'Ethiopia', 'Federal Democratic Republic of Ethiopia', 900, NULL, NULL, NULL, NULL);
INSERT INTO public.ter_territory (ter_id, ter_con_id, ter_tty_id, ter_iso2, ter_iso3, ter_name, ter_official_name, ter_start, ter_end, ter_parent_country_id, ter_successor_id, ter_description) VALUES (70, 3, 5, 'FK', 'FLK', 'Falkland Islands', 'Falkland Islands', 1764, NULL, 224, NULL, NULL);
INSERT INTO public.ter_territory (ter_id, ter_con_id, ter_tty_id, ter_iso2, ter_iso3, ter_name, ter_official_name, ter_start, ter_end, ter_parent_country_id, ter_successor_id, ter_description) VALUES (71, 6, 5, 'FO', 'FRO', 'Faroe Islands', 'Faroe Islands', 1948, NULL, 58, NULL, NULL);
INSERT INTO public.ter_territory (ter_id, ter_con_id, ter_tty_id, ter_iso2, ter_iso3, ter_name, ter_official_name, ter_start, ter_end, ter_parent_country_id, ter_successor_id, ter_description) VALUES (72, 7, 3, 'FJ', 'FJI', 'Fiji Islands', 'Republic of the Fiji Islands', 1970, NULL, NULL, NULL, NULL);
INSERT INTO public.ter_territory (ter_id, ter_con_id, ter_tty_id, ter_iso2, ter_iso3, ter_name, ter_official_name, ter_start, ter_end, ter_parent_country_id, ter_successor_id, ter_description) VALUES (73, 6, 3, 'FI', 'FIN', 'Finland', 'Republic of Finland', 1917, NULL, NULL, NULL, NULL);
INSERT INTO public.ter_territory (ter_id, ter_con_id, ter_tty_id, ter_iso2, ter_iso3, ter_name, ter_official_name, ter_start, ter_end, ter_parent_country_id, ter_successor_id, ter_description) VALUES (74, 6, 3, 'FR', 'FRA', 'France', 'French Republic', 843, NULL, NULL, NULL, NULL);
INSERT INTO public.ter_territory (ter_id, ter_con_id, ter_tty_id, ter_iso2, ter_iso3, ter_name, ter_official_name, ter_start, ter_end, ter_parent_country_id, ter_successor_id, ter_description) VALUES (75, 3, 5, 'GF', 'GUF', 'French Guiana', 'French Guiana', 1797, NULL, 74, NULL, NULL);
INSERT INTO public.ter_territory (ter_id, ter_con_id, ter_tty_id, ter_iso2, ter_iso3, ter_name, ter_official_name, ter_start, ter_end, ter_parent_country_id, ter_successor_id, ter_description) VALUES (76, 7, 5, 'PF', 'PYF', 'French Polynesia', 'French Polynesia', 1842, NULL, 74, NULL, NULL);
INSERT INTO public.ter_territory (ter_id, ter_con_id, ter_tty_id, ter_iso2, ter_iso3, ter_name, ter_official_name, ter_start, ter_end, ter_parent_country_id, ter_successor_id, ter_description) VALUES (78, 4, 3, 'GA', 'GAB', 'Gabon', 'Gabonese Republic', 1960, NULL, NULL, NULL, NULL);
INSERT INTO public.ter_territory (ter_id, ter_con_id, ter_tty_id, ter_iso2, ter_iso3, ter_name, ter_official_name, ter_start, ter_end, ter_parent_country_id, ter_successor_id, ter_description) VALUES (79, 4, 3, 'GM', 'GMB', 'Gambia', 'Republic of The Gambia', 1965, NULL, NULL, NULL, NULL);
INSERT INTO public.ter_territory (ter_id, ter_con_id, ter_tty_id, ter_iso2, ter_iso3, ter_name, ter_official_name, ter_start, ter_end, ter_parent_country_id, ter_successor_id, ter_description) VALUES (80, 5, 3, 'GE', 'GEO', 'Georgia', 'Georgia', 1991, NULL, NULL, NULL, NULL);
INSERT INTO public.ter_territory (ter_id, ter_con_id, ter_tty_id, ter_iso2, ter_iso3, ter_name, ter_official_name, ter_start, ter_end, ter_parent_country_id, ter_successor_id, ter_description) VALUES (81, 6, 3, 'DE', 'DEU', 'Germany', 'Federal Republic of Germany', 1871, NULL, NULL, NULL, NULL);
INSERT INTO public.ter_territory (ter_id, ter_con_id, ter_tty_id, ter_iso2, ter_iso3, ter_name, ter_official_name, ter_start, ter_end, ter_parent_country_id, ter_successor_id, ter_description) VALUES (83, 6, 5, 'GI', 'GIB', 'Gibraltar', 'Gibraltar', 1713, NULL, 224, NULL, NULL);
INSERT INTO public.ter_territory (ter_id, ter_con_id, ter_tty_id, ter_iso2, ter_iso3, ter_name, ter_official_name, ter_start, ter_end, ter_parent_country_id, ter_successor_id, ter_description) VALUES (84, 6, 3, 'GR', 'GRC', 'Greece', 'Hellenic Republic', 1830, NULL, NULL, NULL, NULL);
INSERT INTO public.ter_territory (ter_id, ter_con_id, ter_tty_id, ter_iso2, ter_iso3, ter_name, ter_official_name, ter_start, ter_end, ter_parent_country_id, ter_successor_id, ter_description) VALUES (82, 4, 3, 'GH', 'GHA', 'Ghana', 'Republic of Ghana', 1957, NULL, NULL, NULL, 'Dominion of  Ghana within the Commonwealth of Nations: 1957–1960
Republic established in 1960 ');
INSERT INTO public.ter_territory (ter_id, ter_con_id, ter_tty_id, ter_iso2, ter_iso3, ter_name, ter_official_name, ter_start, ter_end, ter_parent_country_id, ter_successor_id, ter_description) VALUES (85, 2, 5, 'GL', 'GRL', 'Greenland', 'Greenland', 1979, NULL, 58, NULL, NULL);
INSERT INTO public.ter_territory (ter_id, ter_con_id, ter_tty_id, ter_iso2, ter_iso3, ter_name, ter_official_name, ter_start, ter_end, ter_parent_country_id, ter_successor_id, ter_description) VALUES (86, 2, 3, 'GD', 'GRD', 'Grenada', 'Grenada', 1974, NULL, NULL, NULL, NULL);
INSERT INTO public.ter_territory (ter_id, ter_con_id, ter_tty_id, ter_iso2, ter_iso3, ter_name, ter_official_name, ter_start, ter_end, ter_parent_country_id, ter_successor_id, ter_description) VALUES (87, 2, 5, 'GP', 'GLP', 'Guadeloupe', 'Overseas department of Guadelope', 2007, NULL, 74, NULL, NULL);
INSERT INTO public.ter_territory (ter_id, ter_con_id, ter_tty_id, ter_iso2, ter_iso3, ter_name, ter_official_name, ter_start, ter_end, ter_parent_country_id, ter_successor_id, ter_description) VALUES (88, 7, 5, 'GU', 'GUM', 'Guam', 'Guam', 1898, NULL, 225, NULL, NULL);
INSERT INTO public.ter_territory (ter_id, ter_con_id, ter_tty_id, ter_iso2, ter_iso3, ter_name, ter_official_name, ter_start, ter_end, ter_parent_country_id, ter_successor_id, ter_description) VALUES (89, 2, 3, 'GT', 'GTM', 'Guatemala', 'Republic of Guatemala', 1821, NULL, NULL, NULL, NULL);
INSERT INTO public.ter_territory (ter_id, ter_con_id, ter_tty_id, ter_iso2, ter_iso3, ter_name, ter_official_name, ter_start, ter_end, ter_parent_country_id, ter_successor_id, ter_description) VALUES (90, 4, 3, 'GN', 'GIN', 'Guinea', 'Republic of Guinea', 1958, NULL, NULL, NULL, NULL);
INSERT INTO public.ter_territory (ter_id, ter_con_id, ter_tty_id, ter_iso2, ter_iso3, ter_name, ter_official_name, ter_start, ter_end, ter_parent_country_id, ter_successor_id, ter_description) VALUES (91, 4, 3, 'GW', 'GNB', 'Guinea-Bissau', 'Republic of Guinea-Bissau', 1974, NULL, NULL, NULL, NULL);
INSERT INTO public.ter_territory (ter_id, ter_con_id, ter_tty_id, ter_iso2, ter_iso3, ter_name, ter_official_name, ter_start, ter_end, ter_parent_country_id, ter_successor_id, ter_description) VALUES (92, 3, 3, 'GY', 'GUY', 'Guyana', 'Co-operative Republic of Guyana', 1966, NULL, NULL, NULL, NULL);
INSERT INTO public.ter_territory (ter_id, ter_con_id, ter_tty_id, ter_iso2, ter_iso3, ter_name, ter_official_name, ter_start, ter_end, ter_parent_country_id, ter_successor_id, ter_description) VALUES (93, 2, 3, 'HT', 'HTI', 'Haiti', 'Republic of Haiti', 1804, NULL, NULL, NULL, NULL);
INSERT INTO public.ter_territory (ter_id, ter_con_id, ter_tty_id, ter_iso2, ter_iso3, ter_name, ter_official_name, ter_start, ter_end, ter_parent_country_id, ter_successor_id, ter_description) VALUES (95, 6, 3, 'VA', 'VAT', 'Vatican City', 'Holy See / Vatican City State', 1274, NULL, NULL, NULL, NULL);
INSERT INTO public.ter_territory (ter_id, ter_con_id, ter_tty_id, ter_iso2, ter_iso3, ter_name, ter_official_name, ter_start, ter_end, ter_parent_country_id, ter_successor_id, ter_description) VALUES (96, 2, 3, 'HN', 'HND', 'Honduras', 'Republic of Honduras', 1838, NULL, NULL, NULL, NULL);
INSERT INTO public.ter_territory (ter_id, ter_con_id, ter_tty_id, ter_iso2, ter_iso3, ter_name, ter_official_name, ter_start, ter_end, ter_parent_country_id, ter_successor_id, ter_description) VALUES (97, 5, 5, 'HK', 'HKG', 'Hong Kong', 'Hong Kong Special Administrative Region of the PeopleNULLs Republic of China', 1997, NULL, 44, NULL, NULL);
INSERT INTO public.ter_territory (ter_id, ter_con_id, ter_tty_id, ter_iso2, ter_iso3, ter_name, ter_official_name, ter_start, ter_end, ter_parent_country_id, ter_successor_id, ter_description) VALUES (98, 6, 3, 'HU', 'HUN', 'Hungary', 'Republic of Hungary', 1920, NULL, NULL, NULL, NULL);
INSERT INTO public.ter_territory (ter_id, ter_con_id, ter_tty_id, ter_iso2, ter_iso3, ter_name, ter_official_name, ter_start, ter_end, ter_parent_country_id, ter_successor_id, ter_description) VALUES (99, 6, 3, 'IS', 'ISL', 'Iceland', 'Republic of Iceland', 1918, NULL, NULL, NULL, NULL);
INSERT INTO public.ter_territory (ter_id, ter_con_id, ter_tty_id, ter_iso2, ter_iso3, ter_name, ter_official_name, ter_start, ter_end, ter_parent_country_id, ter_successor_id, ter_description) VALUES (100, 5, 3, 'IN', 'IND', 'India', 'Republic of India', 1947, NULL, NULL, NULL, NULL);
INSERT INTO public.ter_territory (ter_id, ter_con_id, ter_tty_id, ter_iso2, ter_iso3, ter_name, ter_official_name, ter_start, ter_end, ter_parent_country_id, ter_successor_id, ter_description) VALUES (101, 5, 3, 'ID', 'IDN', 'Indonesia', 'Republic of Indonesia', 1945, NULL, NULL, NULL, NULL);
INSERT INTO public.ter_territory (ter_id, ter_con_id, ter_tty_id, ter_iso2, ter_iso3, ter_name, ter_official_name, ter_start, ter_end, ter_parent_country_id, ter_successor_id, ter_description) VALUES (102, 5, 3, 'IR', 'IRN', 'Iran', 'Islamic Republic of Iran', 1906, NULL, NULL, NULL, NULL);
INSERT INTO public.ter_territory (ter_id, ter_con_id, ter_tty_id, ter_iso2, ter_iso3, ter_name, ter_official_name, ter_start, ter_end, ter_parent_country_id, ter_successor_id, ter_description) VALUES (103, 5, 3, 'IQ', 'IRQ', 'Iraq', 'Republic of Iraq', 1932, NULL, NULL, NULL, NULL);
INSERT INTO public.ter_territory (ter_id, ter_con_id, ter_tty_id, ter_iso2, ter_iso3, ter_name, ter_official_name, ter_start, ter_end, ter_parent_country_id, ter_successor_id, ter_description) VALUES (104, 6, 3, 'IE', 'IRL', 'Ireland', 'Republic of Ireland', 1922, NULL, NULL, NULL, NULL);
INSERT INTO public.ter_territory (ter_id, ter_con_id, ter_tty_id, ter_iso2, ter_iso3, ter_name, ter_official_name, ter_start, ter_end, ter_parent_country_id, ter_successor_id, ter_description) VALUES (105, 5, 3, 'IL', 'ISR', 'Israel', 'State of Israel', 1948, NULL, NULL, NULL, NULL);
INSERT INTO public.ter_territory (ter_id, ter_con_id, ter_tty_id, ter_iso2, ter_iso3, ter_name, ter_official_name, ter_start, ter_end, ter_parent_country_id, ter_successor_id, ter_description) VALUES (106, 6, 3, 'IT', 'ITA', 'Italy', 'Italian Republic', 1861, NULL, NULL, NULL, NULL);
INSERT INTO public.ter_territory (ter_id, ter_con_id, ter_tty_id, ter_iso2, ter_iso3, ter_name, ter_official_name, ter_start, ter_end, ter_parent_country_id, ter_successor_id, ter_description) VALUES (107, 2, 3, 'JM', 'JAM', 'Jamaica', 'Jamaica', 1962, NULL, NULL, NULL, NULL);
INSERT INTO public.ter_territory (ter_id, ter_con_id, ter_tty_id, ter_iso2, ter_iso3, ter_name, ter_official_name, ter_start, ter_end, ter_parent_country_id, ter_successor_id, ter_description) VALUES (108, 5, 3, 'JP', 'JPN', 'Japan', 'Japan', -660, NULL, NULL, NULL, NULL);
INSERT INTO public.ter_territory (ter_id, ter_con_id, ter_tty_id, ter_iso2, ter_iso3, ter_name, ter_official_name, ter_start, ter_end, ter_parent_country_id, ter_successor_id, ter_description) VALUES (109, 5, 3, 'JO', 'JOR', 'Jordan', 'Hashemite Kingdom of Jordan', 1946, NULL, NULL, NULL, NULL);
INSERT INTO public.ter_territory (ter_id, ter_con_id, ter_tty_id, ter_iso2, ter_iso3, ter_name, ter_official_name, ter_start, ter_end, ter_parent_country_id, ter_successor_id, ter_description) VALUES (110, 5, 3, 'KZ', 'KAZ', 'Kazakstan', 'Republic of Kazakhstan', 1991, NULL, NULL, NULL, NULL);
INSERT INTO public.ter_territory (ter_id, ter_con_id, ter_tty_id, ter_iso2, ter_iso3, ter_name, ter_official_name, ter_start, ter_end, ter_parent_country_id, ter_successor_id, ter_description) VALUES (111, 4, 3, 'KE', 'KEN', 'Kenya', 'Republic of Kenya', 1963, NULL, NULL, NULL, NULL);
INSERT INTO public.ter_territory (ter_id, ter_con_id, ter_tty_id, ter_iso2, ter_iso3, ter_name, ter_official_name, ter_start, ter_end, ter_parent_country_id, ter_successor_id, ter_description) VALUES (112, 7, 3, 'KI', 'KIR', 'Kiribati', 'Republic of Kiribati', 1979, NULL, NULL, NULL, NULL);
INSERT INTO public.ter_territory (ter_id, ter_con_id, ter_tty_id, ter_iso2, ter_iso3, ter_name, ter_official_name, ter_start, ter_end, ter_parent_country_id, ter_successor_id, ter_description) VALUES (113, 5, 3, 'KW', 'KWT', 'Kuwait', 'State of Kuwait', 1961, NULL, NULL, NULL, NULL);
INSERT INTO public.ter_territory (ter_id, ter_con_id, ter_tty_id, ter_iso2, ter_iso3, ter_name, ter_official_name, ter_start, ter_end, ter_parent_country_id, ter_successor_id, ter_description) VALUES (114, 5, 3, 'KG', 'KGZ', 'Kyrgyzstan', 'Kyrgyz Republic', 1991, NULL, NULL, NULL, NULL);
INSERT INTO public.ter_territory (ter_id, ter_con_id, ter_tty_id, ter_iso2, ter_iso3, ter_name, ter_official_name, ter_start, ter_end, ter_parent_country_id, ter_successor_id, ter_description) VALUES (115, 5, 3, 'LA', 'LAO', 'Laos', 'Lao PeopleNULLs Democratic Republic', 1953, NULL, NULL, NULL, NULL);
INSERT INTO public.ter_territory (ter_id, ter_con_id, ter_tty_id, ter_iso2, ter_iso3, ter_name, ter_official_name, ter_start, ter_end, ter_parent_country_id, ter_successor_id, ter_description) VALUES (116, 6, 3, 'LV', 'LVA', 'Latvia', 'Republic of Latvia', 1990, NULL, NULL, NULL, NULL);
INSERT INTO public.ter_territory (ter_id, ter_con_id, ter_tty_id, ter_iso2, ter_iso3, ter_name, ter_official_name, ter_start, ter_end, ter_parent_country_id, ter_successor_id, ter_description) VALUES (117, 5, 3, 'LB', 'LBN', 'Lebanon', 'Lebanese Republic', 1941, NULL, NULL, NULL, NULL);
INSERT INTO public.ter_territory (ter_id, ter_con_id, ter_tty_id, ter_iso2, ter_iso3, ter_name, ter_official_name, ter_start, ter_end, ter_parent_country_id, ter_successor_id, ter_description) VALUES (118, 4, 3, 'LS', 'LSO', 'Lesotho', 'Kingdom of Lesotho', 1966, NULL, NULL, NULL, NULL);
INSERT INTO public.ter_territory (ter_id, ter_con_id, ter_tty_id, ter_iso2, ter_iso3, ter_name, ter_official_name, ter_start, ter_end, ter_parent_country_id, ter_successor_id, ter_description) VALUES (119, 4, 3, 'LR', 'LBR', 'Liberia', 'Republic of Liberia', 1847, NULL, NULL, NULL, NULL);
INSERT INTO public.ter_territory (ter_id, ter_con_id, ter_tty_id, ter_iso2, ter_iso3, ter_name, ter_official_name, ter_start, ter_end, ter_parent_country_id, ter_successor_id, ter_description) VALUES (120, 4, 3, 'LY', 'LBY', 'Libya', 'Libyan Arab Jamahiriya', 1951, NULL, NULL, NULL, NULL);
INSERT INTO public.ter_territory (ter_id, ter_con_id, ter_tty_id, ter_iso2, ter_iso3, ter_name, ter_official_name, ter_start, ter_end, ter_parent_country_id, ter_successor_id, ter_description) VALUES (121, 6, 3, 'LI', 'LIE', 'Liechtenstein', 'Principality of Liechtenstein', 1813, NULL, NULL, NULL, NULL);
INSERT INTO public.ter_territory (ter_id, ter_con_id, ter_tty_id, ter_iso2, ter_iso3, ter_name, ter_official_name, ter_start, ter_end, ter_parent_country_id, ter_successor_id, ter_description) VALUES (122, 6, 3, 'LT', 'LTU', 'Lithuania', 'Republic of Lithuania', 1991, NULL, NULL, NULL, NULL);
INSERT INTO public.ter_territory (ter_id, ter_con_id, ter_tty_id, ter_iso2, ter_iso3, ter_name, ter_official_name, ter_start, ter_end, ter_parent_country_id, ter_successor_id, ter_description) VALUES (123, 6, 3, 'LU', 'LUX', 'Luxembourg', 'Grand Duchy of Luxembourg', 1890, NULL, NULL, NULL, NULL);
INSERT INTO public.ter_territory (ter_id, ter_con_id, ter_tty_id, ter_iso2, ter_iso3, ter_name, ter_official_name, ter_start, ter_end, ter_parent_country_id, ter_successor_id, ter_description) VALUES (124, 5, 5, 'MO', 'MAC', 'Macao', 'Macao Special Administrative Region of the PeopleNULLs Republic of China', 1999, NULL, 44, NULL, NULL);
INSERT INTO public.ter_territory (ter_id, ter_con_id, ter_tty_id, ter_iso2, ter_iso3, ter_name, ter_official_name, ter_start, ter_end, ter_parent_country_id, ter_successor_id, ter_description) VALUES (125, 6, 3, 'MK', 'MKD', 'Macedonia', 'The Former Yugoslav Republic of Macedonia', 1991, NULL, NULL, NULL, NULL);
INSERT INTO public.ter_territory (ter_id, ter_con_id, ter_tty_id, ter_iso2, ter_iso3, ter_name, ter_official_name, ter_start, ter_end, ter_parent_country_id, ter_successor_id, ter_description) VALUES (126, 4, 3, 'MG', 'MDG', 'Madagascar', 'Republic of Madagascar', 1960, NULL, NULL, NULL, NULL);
INSERT INTO public.ter_territory (ter_id, ter_con_id, ter_tty_id, ter_iso2, ter_iso3, ter_name, ter_official_name, ter_start, ter_end, ter_parent_country_id, ter_successor_id, ter_description) VALUES (127, 4, 3, 'MW', 'MWI', 'Malawi', 'Republic of Malawi', 1964, NULL, NULL, NULL, NULL);
INSERT INTO public.ter_territory (ter_id, ter_con_id, ter_tty_id, ter_iso2, ter_iso3, ter_name, ter_official_name, ter_start, ter_end, ter_parent_country_id, ter_successor_id, ter_description) VALUES (130, 4, 3, 'ML', 'MLI', 'Mali', 'Republic of Mali', 1960, NULL, NULL, NULL, NULL);
INSERT INTO public.ter_territory (ter_id, ter_con_id, ter_tty_id, ter_iso2, ter_iso3, ter_name, ter_official_name, ter_start, ter_end, ter_parent_country_id, ter_successor_id, ter_description) VALUES (131, 6, 3, 'MT', 'MLT', 'Malta', 'Republic of Malta', 1964, NULL, NULL, NULL, NULL);
INSERT INTO public.ter_territory (ter_id, ter_con_id, ter_tty_id, ter_iso2, ter_iso3, ter_name, ter_official_name, ter_start, ter_end, ter_parent_country_id, ter_successor_id, ter_description) VALUES (132, 7, 3, 'MH', 'MHL', 'Marshall Islands', 'Republic of the Marshall Islands', 1990, NULL, NULL, NULL, NULL);
INSERT INTO public.ter_territory (ter_id, ter_con_id, ter_tty_id, ter_iso2, ter_iso3, ter_name, ter_official_name, ter_start, ter_end, ter_parent_country_id, ter_successor_id, ter_description) VALUES (133, 2, 5, 'MQ', 'MTQ', 'Martinique', 'Martinique', 1946, NULL, 74, NULL, NULL);
INSERT INTO public.ter_territory (ter_id, ter_con_id, ter_tty_id, ter_iso2, ter_iso3, ter_name, ter_official_name, ter_start, ter_end, ter_parent_country_id, ter_successor_id, ter_description) VALUES (134, 4, 3, 'MR', 'MRT', 'Mauritania', 'Islamic Republic of Mauritania', 1960, NULL, NULL, NULL, NULL);
INSERT INTO public.ter_territory (ter_id, ter_con_id, ter_tty_id, ter_iso2, ter_iso3, ter_name, ter_official_name, ter_start, ter_end, ter_parent_country_id, ter_successor_id, ter_description) VALUES (135, 4, 3, 'MU', 'MUS', 'Mauritius', 'Republic of Mauritius', 1968, NULL, NULL, NULL, NULL);
INSERT INTO public.ter_territory (ter_id, ter_con_id, ter_tty_id, ter_iso2, ter_iso3, ter_name, ter_official_name, ter_start, ter_end, ter_parent_country_id, ter_successor_id, ter_description) VALUES (136, 4, 5, 'YT', 'MYT', 'Mayotte', 'Department of Mayotte', 1841, NULL, 74, NULL, NULL);
INSERT INTO public.ter_territory (ter_id, ter_con_id, ter_tty_id, ter_iso2, ter_iso3, ter_name, ter_official_name, ter_start, ter_end, ter_parent_country_id, ter_successor_id, ter_description) VALUES (137, 2, 3, 'MX', 'MEX', 'Mexico', 'United Mexican States', 1810, NULL, NULL, NULL, NULL);
INSERT INTO public.ter_territory (ter_id, ter_con_id, ter_tty_id, ter_iso2, ter_iso3, ter_name, ter_official_name, ter_start, ter_end, ter_parent_country_id, ter_successor_id, ter_description) VALUES (138, 7, 3, 'FM', 'FSM', 'Micronesia, Federated States of', 'Federated States of Micronesia', 1986, NULL, NULL, NULL, 'Independent republic located to the north of New Guinea. It consists of four states: Yap, Chuuk, Pohnpei and Kosrae.<br>The FSM was formerly a part of the Trust Territory of the Pacific Islands, a United Nations Trust Territory under U.S. administration. Independence was obtained on November 3, 1986, under a Free Association with the United States.');
INSERT INTO public.ter_territory (ter_id, ter_con_id, ter_tty_id, ter_iso2, ter_iso3, ter_name, ter_official_name, ter_start, ter_end, ter_parent_country_id, ter_successor_id, ter_description) VALUES (139, 6, 3, 'MD', 'MDA', 'Moldova', 'Republic of Moldova', 1991, NULL, NULL, NULL, NULL);
INSERT INTO public.ter_territory (ter_id, ter_con_id, ter_tty_id, ter_iso2, ter_iso3, ter_name, ter_official_name, ter_start, ter_end, ter_parent_country_id, ter_successor_id, ter_description) VALUES (140, 6, 3, 'MC', 'MCO', 'Monaco', 'Principality of Monaco', 1861, NULL, NULL, NULL, NULL);
INSERT INTO public.ter_territory (ter_id, ter_con_id, ter_tty_id, ter_iso2, ter_iso3, ter_name, ter_official_name, ter_start, ter_end, ter_parent_country_id, ter_successor_id, ter_description) VALUES (141, 5, 3, 'MN', 'MNG', 'Mongolia', 'Mongolia', 1921, NULL, NULL, NULL, NULL);
INSERT INTO public.ter_territory (ter_id, ter_con_id, ter_tty_id, ter_iso2, ter_iso3, ter_name, ter_official_name, ter_start, ter_end, ter_parent_country_id, ter_successor_id, ter_description) VALUES (142, 2, 5, 'MS', 'MSR', 'Montserrat', 'Montserrat', 1962, NULL, 224, NULL, NULL);
INSERT INTO public.ter_territory (ter_id, ter_con_id, ter_tty_id, ter_iso2, ter_iso3, ter_name, ter_official_name, ter_start, ter_end, ter_parent_country_id, ter_successor_id, ter_description) VALUES (143, 4, 3, 'MA', 'MAR', 'Morocco', 'Kingdom of Morocco', 1956, NULL, NULL, NULL, NULL);
INSERT INTO public.ter_territory (ter_id, ter_con_id, ter_tty_id, ter_iso2, ter_iso3, ter_name, ter_official_name, ter_start, ter_end, ter_parent_country_id, ter_successor_id, ter_description) VALUES (144, 4, 3, 'MZ', 'MOZ', 'Mozambique', 'Republic of Mozambique', 1975, NULL, NULL, NULL, NULL);
INSERT INTO public.ter_territory (ter_id, ter_con_id, ter_tty_id, ter_iso2, ter_iso3, ter_name, ter_official_name, ter_start, ter_end, ter_parent_country_id, ter_successor_id, ter_description) VALUES (145, 5, 3, 'MM', 'MMR', 'Myanmar', 'Republic of the Union of Myanmar', 1948, NULL, NULL, NULL, NULL);
INSERT INTO public.ter_territory (ter_id, ter_con_id, ter_tty_id, ter_iso2, ter_iso3, ter_name, ter_official_name, ter_start, ter_end, ter_parent_country_id, ter_successor_id, ter_description) VALUES (146, 4, 3, 'NA', 'NAM', 'Namibia', 'Republic of Namibia', 1990, NULL, NULL, NULL, NULL);
INSERT INTO public.ter_territory (ter_id, ter_con_id, ter_tty_id, ter_iso2, ter_iso3, ter_name, ter_official_name, ter_start, ter_end, ter_parent_country_id, ter_successor_id, ter_description) VALUES (147, 7, 3, 'NR', 'NRU', 'Nauru', 'Republic of Nauru', 1968, NULL, NULL, NULL, NULL);
INSERT INTO public.ter_territory (ter_id, ter_con_id, ter_tty_id, ter_iso2, ter_iso3, ter_name, ter_official_name, ter_start, ter_end, ter_parent_country_id, ter_successor_id, ter_description) VALUES (148, 5, 3, 'NP', 'NPL', 'Nepal', 'Kingdom of Nepal', 1769, NULL, NULL, NULL, NULL);
INSERT INTO public.ter_territory (ter_id, ter_con_id, ter_tty_id, ter_iso2, ter_iso3, ter_name, ter_official_name, ter_start, ter_end, ter_parent_country_id, ter_successor_id, ter_description) VALUES (149, 6, 3, 'NL', 'NLD', 'Netherlands', 'Kingdom of the Netherlands', 1581, NULL, NULL, NULL, NULL);
INSERT INTO public.ter_territory (ter_id, ter_con_id, ter_tty_id, ter_iso2, ter_iso3, ter_name, ter_official_name, ter_start, ter_end, ter_parent_country_id, ter_successor_id, ter_description) VALUES (150, 2, 5, 'AN', 'ANT', 'Netherlands Antilles', 'Netherlands Antilles', 1954, 2010, 149, '12,256,261,255', NULL);
INSERT INTO public.ter_territory (ter_id, ter_con_id, ter_tty_id, ter_iso2, ter_iso3, ter_name, ter_official_name, ter_start, ter_end, ter_parent_country_id, ter_successor_id, ter_description) VALUES (151, 7, 5, 'NC', 'NCL', 'New Caledonia', 'New Caledonia', 1853, NULL, 224, NULL, NULL);
INSERT INTO public.ter_territory (ter_id, ter_con_id, ter_tty_id, ter_iso2, ter_iso3, ter_name, ter_official_name, ter_start, ter_end, ter_parent_country_id, ter_successor_id, ter_description) VALUES (152, 7, 3, 'NZ', 'NZL', 'New Zealand', 'New Zealand (Aotearoa)', 1907, NULL, NULL, NULL, NULL);
INSERT INTO public.ter_territory (ter_id, ter_con_id, ter_tty_id, ter_iso2, ter_iso3, ter_name, ter_official_name, ter_start, ter_end, ter_parent_country_id, ter_successor_id, ter_description) VALUES (153, 2, 3, 'NI', 'NIC', 'Nicaragua', 'Republic of Nicaragua', 1838, NULL, NULL, NULL, NULL);
INSERT INTO public.ter_territory (ter_id, ter_con_id, ter_tty_id, ter_iso2, ter_iso3, ter_name, ter_official_name, ter_start, ter_end, ter_parent_country_id, ter_successor_id, ter_description) VALUES (154, 4, 3, 'NE', 'NER', 'Niger', 'Republic of Niger', 1960, NULL, NULL, NULL, NULL);
INSERT INTO public.ter_territory (ter_id, ter_con_id, ter_tty_id, ter_iso2, ter_iso3, ter_name, ter_official_name, ter_start, ter_end, ter_parent_country_id, ter_successor_id, ter_description) VALUES (155, 4, 3, 'NG', 'NGA', 'Nigeria', 'Federal Republic of Nigeria', 1960, NULL, NULL, NULL, NULL);
INSERT INTO public.ter_territory (ter_id, ter_con_id, ter_tty_id, ter_iso2, ter_iso3, ter_name, ter_official_name, ter_start, ter_end, ter_parent_country_id, ter_successor_id, ter_description) VALUES (156, 7, 5, 'NU', 'NIU', 'Niue', 'Niue', 1974, NULL, 152, NULL, NULL);
INSERT INTO public.ter_territory (ter_id, ter_con_id, ter_tty_id, ter_iso2, ter_iso3, ter_name, ter_official_name, ter_start, ter_end, ter_parent_country_id, ter_successor_id, ter_description) VALUES (157, 7, 5, 'NF', 'NFK', 'Norfolk Island', 'Norfolk Island', 1914, NULL, 13, NULL, NULL);
INSERT INTO public.ter_territory (ter_id, ter_con_id, ter_tty_id, ter_iso2, ter_iso3, ter_name, ter_official_name, ter_start, ter_end, ter_parent_country_id, ter_successor_id, ter_description) VALUES (158, 5, 3, 'KP', 'PRK', 'Korea, North', 'Democratic PeopleNULLs Republic of Korea', 1948, NULL, NULL, NULL, NULL);
INSERT INTO public.ter_territory (ter_id, ter_con_id, ter_tty_id, ter_iso2, ter_iso3, ter_name, ter_official_name, ter_start, ter_end, ter_parent_country_id, ter_successor_id, ter_description) VALUES (159, 7, 5, 'MP', 'MNP', 'Northern Mariana Islands', 'Commonwealth of the Northern Mariana Islands', 1986, NULL, 225, NULL, NULL);
INSERT INTO public.ter_territory (ter_id, ter_con_id, ter_tty_id, ter_iso2, ter_iso3, ter_name, ter_official_name, ter_start, ter_end, ter_parent_country_id, ter_successor_id, ter_description) VALUES (160, 6, 3, 'NO', 'NOR', 'Norway', 'Kingdom of Norway', 1905, NULL, NULL, NULL, NULL);
INSERT INTO public.ter_territory (ter_id, ter_con_id, ter_tty_id, ter_iso2, ter_iso3, ter_name, ter_official_name, ter_start, ter_end, ter_parent_country_id, ter_successor_id, ter_description) VALUES (161, 5, 3, 'OM', 'OMN', 'Oman', 'Sultanate of Oman', 1951, NULL, NULL, NULL, NULL);
INSERT INTO public.ter_territory (ter_id, ter_con_id, ter_tty_id, ter_iso2, ter_iso3, ter_name, ter_official_name, ter_start, ter_end, ter_parent_country_id, ter_successor_id, ter_description) VALUES (162, 5, 3, 'PK', 'PAK', 'Pakistan', 'Islamic Republic of Pakistan', 1947, NULL, NULL, NULL, NULL);
INSERT INTO public.ter_territory (ter_id, ter_con_id, ter_tty_id, ter_iso2, ter_iso3, ter_name, ter_official_name, ter_start, ter_end, ter_parent_country_id, ter_successor_id, ter_description) VALUES (163, 7, 3, 'PW', 'PLW', 'Palau', 'Republic of Palau', 1994, NULL, NULL, NULL, NULL);
INSERT INTO public.ter_territory (ter_id, ter_con_id, ter_tty_id, ter_iso2, ter_iso3, ter_name, ter_official_name, ter_start, ter_end, ter_parent_country_id, ter_successor_id, ter_description) VALUES (165, 2, 3, 'PA', 'PAN', 'Panama', 'Republic of Panama', 1903, NULL, NULL, NULL, NULL);
INSERT INTO public.ter_territory (ter_id, ter_con_id, ter_tty_id, ter_iso2, ter_iso3, ter_name, ter_official_name, ter_start, ter_end, ter_parent_country_id, ter_successor_id, ter_description) VALUES (166, 7, 3, 'PG', 'PNG', 'Papua New Guinea', 'Independent State of Papua New Guinea', 1975, NULL, NULL, NULL, NULL);
INSERT INTO public.ter_territory (ter_id, ter_con_id, ter_tty_id, ter_iso2, ter_iso3, ter_name, ter_official_name, ter_start, ter_end, ter_parent_country_id, ter_successor_id, ter_description) VALUES (167, 3, 3, 'PY', 'PRY', 'Paraguay', 'Republic of Paraguay', 1811, NULL, NULL, NULL, NULL);
INSERT INTO public.ter_territory (ter_id, ter_con_id, ter_tty_id, ter_iso2, ter_iso3, ter_name, ter_official_name, ter_start, ter_end, ter_parent_country_id, ter_successor_id, ter_description) VALUES (168, 3, 3, 'PE', 'PER', 'Peru', 'Republic of Peru', 1821, NULL, NULL, NULL, NULL);
INSERT INTO public.ter_territory (ter_id, ter_con_id, ter_tty_id, ter_iso2, ter_iso3, ter_name, ter_official_name, ter_start, ter_end, ter_parent_country_id, ter_successor_id, ter_description) VALUES (169, 5, 3, 'PH', 'PHL', 'Philippines', 'Republic of the Philippines', 1946, NULL, NULL, NULL, NULL);
INSERT INTO public.ter_territory (ter_id, ter_con_id, ter_tty_id, ter_iso2, ter_iso3, ter_name, ter_official_name, ter_start, ter_end, ter_parent_country_id, ter_successor_id, ter_description) VALUES (170, 7, 5, 'PN', 'PCN', 'Pitcairn', ' Pitcairn, Henderson, Ducie and Oeno Islands', 1838, NULL, 224, NULL, NULL);
INSERT INTO public.ter_territory (ter_id, ter_con_id, ter_tty_id, ter_iso2, ter_iso3, ter_name, ter_official_name, ter_start, ter_end, ter_parent_country_id, ter_successor_id, ter_description) VALUES (171, 6, 3, 'PL', 'POL', 'Poland', 'Republic of Poland', 1918, NULL, NULL, NULL, NULL);
INSERT INTO public.ter_territory (ter_id, ter_con_id, ter_tty_id, ter_iso2, ter_iso3, ter_name, ter_official_name, ter_start, ter_end, ter_parent_country_id, ter_successor_id, ter_description) VALUES (172, 6, 3, 'PT', 'PRT', 'Portugal', 'Portuguese Republic', 1139, NULL, NULL, NULL, NULL);
INSERT INTO public.ter_territory (ter_id, ter_con_id, ter_tty_id, ter_iso2, ter_iso3, ter_name, ter_official_name, ter_start, ter_end, ter_parent_country_id, ter_successor_id, ter_description) VALUES (173, 2, 5, 'PR', 'PRI', 'Puerto Rico', 'Commonwealth of Puerto Rico ', 1898, NULL, 225, NULL, NULL);
INSERT INTO public.ter_territory (ter_id, ter_con_id, ter_tty_id, ter_iso2, ter_iso3, ter_name, ter_official_name, ter_start, ter_end, ter_parent_country_id, ter_successor_id, ter_description) VALUES (174, 5, 3, 'QA', 'QAT', 'Qatar', 'State of Qatar', 1971, NULL, NULL, NULL, NULL);
INSERT INTO public.ter_territory (ter_id, ter_con_id, ter_tty_id, ter_iso2, ter_iso3, ter_name, ter_official_name, ter_start, ter_end, ter_parent_country_id, ter_successor_id, ter_description) VALUES (175, 4, 5, 'RE', 'REU', 'Reunion', 'Reunion', 1946, NULL, 74, NULL, NULL);
INSERT INTO public.ter_territory (ter_id, ter_con_id, ter_tty_id, ter_iso2, ter_iso3, ter_name, ter_official_name, ter_start, ter_end, ter_parent_country_id, ter_successor_id, ter_description) VALUES (176, 6, 3, 'RO', 'ROU', 'Romania', 'Romania', 1878, NULL, NULL, NULL, NULL);
INSERT INTO public.ter_territory (ter_id, ter_con_id, ter_tty_id, ter_iso2, ter_iso3, ter_name, ter_official_name, ter_start, ter_end, ter_parent_country_id, ter_successor_id, ter_description) VALUES (177, 6, 3, 'RU', 'RUS', 'Russia', 'Russian Federation', 1991, NULL, NULL, NULL, NULL);
INSERT INTO public.ter_territory (ter_id, ter_con_id, ter_tty_id, ter_iso2, ter_iso3, ter_name, ter_official_name, ter_start, ter_end, ter_parent_country_id, ter_successor_id, ter_description) VALUES (178, 4, 3, 'RW', 'RWA', 'Rwanda', 'Rwandese Republic', 1962, NULL, NULL, NULL, NULL);
INSERT INTO public.ter_territory (ter_id, ter_con_id, ter_tty_id, ter_iso2, ter_iso3, ter_name, ter_official_name, ter_start, ter_end, ter_parent_country_id, ter_successor_id, ter_description) VALUES (179, 4, 5, 'SH', 'SHN', 'Saint Helena', 'Saint Helena', 1834, NULL, 224, NULL, NULL);
INSERT INTO public.ter_territory (ter_id, ter_con_id, ter_tty_id, ter_iso2, ter_iso3, ter_name, ter_official_name, ter_start, ter_end, ter_parent_country_id, ter_successor_id, ter_description) VALUES (180, 2, 3, 'KN', 'KNA', 'Saint Kitts and Nevis', 'Federation of Saint Kitts and Nevis', 1983, NULL, NULL, NULL, NULL);
INSERT INTO public.ter_territory (ter_id, ter_con_id, ter_tty_id, ter_iso2, ter_iso3, ter_name, ter_official_name, ter_start, ter_end, ter_parent_country_id, ter_successor_id, ter_description) VALUES (181, 2, 3, 'LC', 'LCA', 'Saint Lucia', 'Saint Lucia', 1979, NULL, NULL, NULL, NULL);
INSERT INTO public.ter_territory (ter_id, ter_con_id, ter_tty_id, ter_iso2, ter_iso3, ter_name, ter_official_name, ter_start, ter_end, ter_parent_country_id, ter_successor_id, ter_description) VALUES (182, 2, 5, 'PM', 'SPM', 'Saint Pierre and Miquelon', 'Overseas Collectivity of Saint Pierre and Miquelon', 1814, NULL, 74, NULL, NULL);
INSERT INTO public.ter_territory (ter_id, ter_con_id, ter_tty_id, ter_iso2, ter_iso3, ter_name, ter_official_name, ter_start, ter_end, ter_parent_country_id, ter_successor_id, ter_description) VALUES (183, 2, 3, 'VC', 'VCT', 'Saint Vincent and the Grenadines', 'Saint Vincent and Grenadines', 1979, NULL, NULL, NULL, NULL);
INSERT INTO public.ter_territory (ter_id, ter_con_id, ter_tty_id, ter_iso2, ter_iso3, ter_name, ter_official_name, ter_start, ter_end, ter_parent_country_id, ter_successor_id, ter_description) VALUES (184, 7, 3, 'WS', 'WSM', 'Samoa', 'Independent State of Samoa', 1962, NULL, NULL, NULL, NULL);
INSERT INTO public.ter_territory (ter_id, ter_con_id, ter_tty_id, ter_iso2, ter_iso3, ter_name, ter_official_name, ter_start, ter_end, ter_parent_country_id, ter_successor_id, ter_description) VALUES (185, 6, 3, 'SM', 'SMR', 'San Marino', 'Republic of San Marino', 1243, NULL, NULL, NULL, NULL);
INSERT INTO public.ter_territory (ter_id, ter_con_id, ter_tty_id, ter_iso2, ter_iso3, ter_name, ter_official_name, ter_start, ter_end, ter_parent_country_id, ter_successor_id, ter_description) VALUES (186, 4, 3, 'ST', 'STP', 'Sao Tome and Principe', 'Democratic Republic of Sao Tome and Principe', 1975, NULL, NULL, NULL, NULL);
INSERT INTO public.ter_territory (ter_id, ter_con_id, ter_tty_id, ter_iso2, ter_iso3, ter_name, ter_official_name, ter_start, ter_end, ter_parent_country_id, ter_successor_id, ter_description) VALUES (187, 5, 3, 'SA', 'SAU', 'Saudi Arabia', 'Kingdom of Saudi Arabia', 1932, NULL, NULL, NULL, NULL);
INSERT INTO public.ter_territory (ter_id, ter_con_id, ter_tty_id, ter_iso2, ter_iso3, ter_name, ter_official_name, ter_start, ter_end, ter_parent_country_id, ter_successor_id, ter_description) VALUES (188, 4, 3, 'SN', 'SEN', 'Senegal', 'Republic of Senegal', 1960, NULL, NULL, NULL, NULL);
INSERT INTO public.ter_territory (ter_id, ter_con_id, ter_tty_id, ter_iso2, ter_iso3, ter_name, ter_official_name, ter_start, ter_end, ter_parent_country_id, ter_successor_id, ter_description) VALUES (189, 4, 3, 'SC', 'SYC', 'Seychelles', 'Republic of Seychelles', 1976, NULL, NULL, NULL, NULL);
INSERT INTO public.ter_territory (ter_id, ter_con_id, ter_tty_id, ter_iso2, ter_iso3, ter_name, ter_official_name, ter_start, ter_end, ter_parent_country_id, ter_successor_id, ter_description) VALUES (190, 4, 3, 'SL', 'SLE', 'Sierra Leone', 'Republic of Sierra Leone', 1961, NULL, NULL, NULL, NULL);
INSERT INTO public.ter_territory (ter_id, ter_con_id, ter_tty_id, ter_iso2, ter_iso3, ter_name, ter_official_name, ter_start, ter_end, ter_parent_country_id, ter_successor_id, ter_description) VALUES (191, 5, 3, 'SG', 'SGP', 'Singapore', 'Republic of Singapore', 1965, NULL, NULL, NULL, NULL);
INSERT INTO public.ter_territory (ter_id, ter_con_id, ter_tty_id, ter_iso2, ter_iso3, ter_name, ter_official_name, ter_start, ter_end, ter_parent_country_id, ter_successor_id, ter_description) VALUES (192, 6, 3, 'SK', 'SVK', 'Slovakia', 'Slovak Republic', 1993, NULL, NULL, NULL, NULL);
INSERT INTO public.ter_territory (ter_id, ter_con_id, ter_tty_id, ter_iso2, ter_iso3, ter_name, ter_official_name, ter_start, ter_end, ter_parent_country_id, ter_successor_id, ter_description) VALUES (193, 6, 3, 'SI', 'SVN', 'Slovenia', 'Republic of Slovenia', 1991, NULL, NULL, NULL, NULL);
INSERT INTO public.ter_territory (ter_id, ter_con_id, ter_tty_id, ter_iso2, ter_iso3, ter_name, ter_official_name, ter_start, ter_end, ter_parent_country_id, ter_successor_id, ter_description) VALUES (194, 7, 3, 'SB', 'SLB', 'Solomon Islands', 'Solomon Islands', 1978, NULL, NULL, NULL, NULL);
INSERT INTO public.ter_territory (ter_id, ter_con_id, ter_tty_id, ter_iso2, ter_iso3, ter_name, ter_official_name, ter_start, ter_end, ter_parent_country_id, ter_successor_id, ter_description) VALUES (195, 4, 3, 'SO', 'SOM', 'Somalia', 'Federal Republic of Somalia', 1960, NULL, NULL, NULL, NULL);
INSERT INTO public.ter_territory (ter_id, ter_con_id, ter_tty_id, ter_iso2, ter_iso3, ter_name, ter_official_name, ter_start, ter_end, ter_parent_country_id, ter_successor_id, ter_description) VALUES (196, 4, 3, 'ZA', 'ZAF', 'South Africa', 'Republic of South Africa', 1910, NULL, NULL, NULL, NULL);
INSERT INTO public.ter_territory (ter_id, ter_con_id, ter_tty_id, ter_iso2, ter_iso3, ter_name, ter_official_name, ter_start, ter_end, ter_parent_country_id, ter_successor_id, ter_description) VALUES (197, 1, 5, 'GS', 'SGS', 'South Georgia and South Sandwich', 'South Georgia and the South Sandwich Islands', 1985, NULL, 224, NULL, NULL);
INSERT INTO public.ter_territory (ter_id, ter_con_id, ter_tty_id, ter_iso2, ter_iso3, ter_name, ter_official_name, ter_start, ter_end, ter_parent_country_id, ter_successor_id, ter_description) VALUES (198, 5, 3, 'KR', 'KOR', 'Korea, South', 'Republic of Korea', 1948, NULL, NULL, NULL, NULL);
INSERT INTO public.ter_territory (ter_id, ter_con_id, ter_tty_id, ter_iso2, ter_iso3, ter_name, ter_official_name, ter_start, ter_end, ter_parent_country_id, ter_successor_id, ter_description) VALUES (200, 5, 3, 'LK', 'LKA', 'Sri Lanka', 'Democratic Socialist Republic of Sri Lanka', 1948, NULL, NULL, NULL, NULL);
INSERT INTO public.ter_territory (ter_id, ter_con_id, ter_tty_id, ter_iso2, ter_iso3, ter_name, ter_official_name, ter_start, ter_end, ter_parent_country_id, ter_successor_id, ter_description) VALUES (201, 4, 3, 'SD', 'SDN', 'Sudan', 'Republic of the Sudan', 1956, NULL, NULL, NULL, NULL);
INSERT INTO public.ter_territory (ter_id, ter_con_id, ter_tty_id, ter_iso2, ter_iso3, ter_name, ter_official_name, ter_start, ter_end, ter_parent_country_id, ter_successor_id, ter_description) VALUES (202, 3, 3, 'SR', 'SUR', 'Suriname', 'Republic of Suriname', 1975, NULL, NULL, NULL, NULL);
INSERT INTO public.ter_territory (ter_id, ter_con_id, ter_tty_id, ter_iso2, ter_iso3, ter_name, ter_official_name, ter_start, ter_end, ter_parent_country_id, ter_successor_id, ter_description) VALUES (204, 4, 3, 'SZ', 'SWZ', 'Swaziland', 'Kingdom of Swaziland', 1968, NULL, NULL, NULL, NULL);
INSERT INTO public.ter_territory (ter_id, ter_con_id, ter_tty_id, ter_iso2, ter_iso3, ter_name, ter_official_name, ter_start, ter_end, ter_parent_country_id, ter_successor_id, ter_description) VALUES (205, 6, 3, 'SE', 'SWE', 'Sweden', 'Kingdom of Sweden', 970, NULL, NULL, NULL, NULL);
INSERT INTO public.ter_territory (ter_id, ter_con_id, ter_tty_id, ter_iso2, ter_iso3, ter_name, ter_official_name, ter_start, ter_end, ter_parent_country_id, ter_successor_id, ter_description) VALUES (206, 6, 3, 'CH', 'CHE', 'Switzerland', 'Swiss Confederation', 1291, NULL, NULL, NULL, NULL);
INSERT INTO public.ter_territory (ter_id, ter_con_id, ter_tty_id, ter_iso2, ter_iso3, ter_name, ter_official_name, ter_start, ter_end, ter_parent_country_id, ter_successor_id, ter_description) VALUES (207, 5, 3, 'SY', 'SYR', 'Syria', 'Syrian Arab Republic', 1941, NULL, NULL, NULL, NULL);
INSERT INTO public.ter_territory (ter_id, ter_con_id, ter_tty_id, ter_iso2, ter_iso3, ter_name, ter_official_name, ter_start, ter_end, ter_parent_country_id, ter_successor_id, ter_description) VALUES (208, 5, 4, 'TW', 'TWN', 'Taiwan', 'Taiwan, Republic of China', 1945, NULL, 44, NULL, NULL);
INSERT INTO public.ter_territory (ter_id, ter_con_id, ter_tty_id, ter_iso2, ter_iso3, ter_name, ter_official_name, ter_start, ter_end, ter_parent_country_id, ter_successor_id, ter_description) VALUES (209, 5, 3, 'TJ', 'TJK', 'Tajikistan', 'Republic of Tajikistan', 1991, NULL, NULL, NULL, NULL);
INSERT INTO public.ter_territory (ter_id, ter_con_id, ter_tty_id, ter_iso2, ter_iso3, ter_name, ter_official_name, ter_start, ter_end, ter_parent_country_id, ter_successor_id, ter_description) VALUES (210, 4, 3, 'TZ', 'TZA', 'Tanzania', 'United Republic of Tanzania', 1961, NULL, NULL, NULL, NULL);
INSERT INTO public.ter_territory (ter_id, ter_con_id, ter_tty_id, ter_iso2, ter_iso3, ter_name, ter_official_name, ter_start, ter_end, ter_parent_country_id, ter_successor_id, ter_description) VALUES (211, 5, 3, 'TH', 'THA', 'Thailand', 'Kingdom of Thailand', 1350, NULL, NULL, NULL, NULL);
INSERT INTO public.ter_territory (ter_id, ter_con_id, ter_tty_id, ter_iso2, ter_iso3, ter_name, ter_official_name, ter_start, ter_end, ter_parent_country_id, ter_successor_id, ter_description) VALUES (212, 4, 3, 'TG', 'TGO', 'Togo', 'Togolese Republic', 1960, NULL, NULL, NULL, NULL);
INSERT INTO public.ter_territory (ter_id, ter_con_id, ter_tty_id, ter_iso2, ter_iso3, ter_name, ter_official_name, ter_start, ter_end, ter_parent_country_id, ter_successor_id, ter_description) VALUES (213, 7, 5, 'TK', 'TKL', 'Tokelau', 'Tokelau', 1926, NULL, 152, NULL, NULL);
INSERT INTO public.ter_territory (ter_id, ter_con_id, ter_tty_id, ter_iso2, ter_iso3, ter_name, ter_official_name, ter_start, ter_end, ter_parent_country_id, ter_successor_id, ter_description) VALUES (214, 7, 3, 'TO', 'TON', 'Tonga', 'Kingdom of Tonga', 1970, NULL, NULL, NULL, NULL);
INSERT INTO public.ter_territory (ter_id, ter_con_id, ter_tty_id, ter_iso2, ter_iso3, ter_name, ter_official_name, ter_start, ter_end, ter_parent_country_id, ter_successor_id, ter_description) VALUES (215, 2, 3, 'TT', 'TTO', 'Trinidad and Tobago', 'Republic of Trinidad and Tobago', 1962, NULL, NULL, NULL, NULL);
INSERT INTO public.ter_territory (ter_id, ter_con_id, ter_tty_id, ter_iso2, ter_iso3, ter_name, ter_official_name, ter_start, ter_end, ter_parent_country_id, ter_successor_id, ter_description) VALUES (216, 4, 3, 'TN', 'TUN', 'Tunisia', 'Republic of Tunisia', 1956, NULL, NULL, NULL, NULL);
INSERT INTO public.ter_territory (ter_id, ter_con_id, ter_tty_id, ter_iso2, ter_iso3, ter_name, ter_official_name, ter_start, ter_end, ter_parent_country_id, ter_successor_id, ter_description) VALUES (217, 5, 3, 'TR', 'TUR', 'Turkey', 'Republic of Turkey', 1923, NULL, NULL, NULL, NULL);
INSERT INTO public.ter_territory (ter_id, ter_con_id, ter_tty_id, ter_iso2, ter_iso3, ter_name, ter_official_name, ter_start, ter_end, ter_parent_country_id, ter_successor_id, ter_description) VALUES (218, 5, 3, 'TM', 'TKM', 'Turkmenistan', 'Turkmenistan', 1991, NULL, NULL, NULL, NULL);
INSERT INTO public.ter_territory (ter_id, ter_con_id, ter_tty_id, ter_iso2, ter_iso3, ter_name, ter_official_name, ter_start, ter_end, ter_parent_country_id, ter_successor_id, ter_description) VALUES (219, 2, 5, 'TC', 'TCA', 'Turks and Caicos Islands', 'Turks and Caicos Islands', 1962, NULL, 224, NULL, NULL);
INSERT INTO public.ter_territory (ter_id, ter_con_id, ter_tty_id, ter_iso2, ter_iso3, ter_name, ter_official_name, ter_start, ter_end, ter_parent_country_id, ter_successor_id, ter_description) VALUES (220, 7, 3, 'TV', 'TUV', 'Tuvalu', 'Tuvalu', 1978, NULL, NULL, NULL, NULL);
INSERT INTO public.ter_territory (ter_id, ter_con_id, ter_tty_id, ter_iso2, ter_iso3, ter_name, ter_official_name, ter_start, ter_end, ter_parent_country_id, ter_successor_id, ter_description) VALUES (221, 4, 3, 'UG', 'UGA', 'Uganda', 'Republic of Uganda', 1962, NULL, NULL, NULL, NULL);
INSERT INTO public.ter_territory (ter_id, ter_con_id, ter_tty_id, ter_iso2, ter_iso3, ter_name, ter_official_name, ter_start, ter_end, ter_parent_country_id, ter_successor_id, ter_description) VALUES (222, 6, 3, 'UA', 'UKR', 'Ukraine', 'Ukraine', 1991, NULL, NULL, NULL, NULL);
INSERT INTO public.ter_territory (ter_id, ter_con_id, ter_tty_id, ter_iso2, ter_iso3, ter_name, ter_official_name, ter_start, ter_end, ter_parent_country_id, ter_successor_id, ter_description) VALUES (223, 5, 3, 'AE', 'ARE', 'United Arab Emirates', 'United Arab Emirates', 1971, NULL, NULL, NULL, NULL);
INSERT INTO public.ter_territory (ter_id, ter_con_id, ter_tty_id, ter_iso2, ter_iso3, ter_name, ter_official_name, ter_start, ter_end, ter_parent_country_id, ter_successor_id, ter_description) VALUES (224, 6, 3, 'GB', 'GBR', 'United Kingdom', 'United Kingdom of Great Britain and Northern Ireland', 1801, NULL, NULL, NULL, NULL);
INSERT INTO public.ter_territory (ter_id, ter_con_id, ter_tty_id, ter_iso2, ter_iso3, ter_name, ter_official_name, ter_start, ter_end, ter_parent_country_id, ter_successor_id, ter_description) VALUES (225, 2, 3, 'US', 'USA', 'United States', 'United States of America', 1776, NULL, NULL, NULL, NULL);
INSERT INTO public.ter_territory (ter_id, ter_con_id, ter_tty_id, ter_iso2, ter_iso3, ter_name, ter_official_name, ter_start, ter_end, ter_parent_country_id, ter_successor_id, ter_description) VALUES (227, 3, 3, 'UY', 'URY', 'Uruguay', 'Oriental Republic of Uruguay', 1828, NULL, NULL, NULL, NULL);
INSERT INTO public.ter_territory (ter_id, ter_con_id, ter_tty_id, ter_iso2, ter_iso3, ter_name, ter_official_name, ter_start, ter_end, ter_parent_country_id, ter_successor_id, ter_description) VALUES (228, 5, 3, 'UZ', 'UZB', 'Uzbekistan', 'Republic of Uzbekistan', 1991, NULL, NULL, NULL, NULL);
INSERT INTO public.ter_territory (ter_id, ter_con_id, ter_tty_id, ter_iso2, ter_iso3, ter_name, ter_official_name, ter_start, ter_end, ter_parent_country_id, ter_successor_id, ter_description) VALUES (229, 7, 3, 'VU', 'VUT', 'Vanuatu', 'Republic of Vanuatu', 1980, NULL, NULL, NULL, NULL);
INSERT INTO public.ter_territory (ter_id, ter_con_id, ter_tty_id, ter_iso2, ter_iso3, ter_name, ter_official_name, ter_start, ter_end, ter_parent_country_id, ter_successor_id, ter_description) VALUES (230, 3, 3, 'VE', 'VEN', 'Venezuela', 'Republic of Venezuela', 1811, NULL, NULL, NULL, NULL);
INSERT INTO public.ter_territory (ter_id, ter_con_id, ter_tty_id, ter_iso2, ter_iso3, ter_name, ter_official_name, ter_start, ter_end, ter_parent_country_id, ter_successor_id, ter_description) VALUES (231, 5, 3, 'VN', 'VNM', 'Vietnam', 'Socialist Republic of Vietnam', 1976, NULL, NULL, NULL, NULL);
INSERT INTO public.ter_territory (ter_id, ter_con_id, ter_tty_id, ter_iso2, ter_iso3, ter_name, ter_official_name, ter_start, ter_end, ter_parent_country_id, ter_successor_id, ter_description) VALUES (232, 2, 5, 'VG', 'VGB', 'Virgin Islands, British', 'Virgin Islands', 1960, NULL, 224, NULL, NULL);
INSERT INTO public.ter_territory (ter_id, ter_con_id, ter_tty_id, ter_iso2, ter_iso3, ter_name, ter_official_name, ter_start, ter_end, ter_parent_country_id, ter_successor_id, ter_description) VALUES (233, 2, 5, 'VI', 'VIR', 'Virgin Islands, U.S.', 'Virgin Islands of the United States', 1917, NULL, 225, NULL, NULL);
INSERT INTO public.ter_territory (ter_id, ter_con_id, ter_tty_id, ter_iso2, ter_iso3, ter_name, ter_official_name, ter_start, ter_end, ter_parent_country_id, ter_successor_id, ter_description) VALUES (234, 7, 5, 'WF', 'WLF', 'Wallis and Futuna', 'Territory of the Wallis and Futuna Islands', 1961, NULL, 74, NULL, NULL);
INSERT INTO public.ter_territory (ter_id, ter_con_id, ter_tty_id, ter_iso2, ter_iso3, ter_name, ter_official_name, ter_start, ter_end, ter_parent_country_id, ter_successor_id, ter_description) VALUES (235, 4, 4, 'EH', 'ESH', 'Western Sahara', 'Sahrawi Arab Democratic Republic', 1975, NULL, 143, NULL, NULL);
INSERT INTO public.ter_territory (ter_id, ter_con_id, ter_tty_id, ter_iso2, ter_iso3, ter_name, ter_official_name, ter_start, ter_end, ter_parent_country_id, ter_successor_id, ter_description) VALUES (236, 5, 3, 'YE', 'YEM', 'Yemen', 'Republic of Yemen', 1990, NULL, NULL, NULL, NULL);
INSERT INTO public.ter_territory (ter_id, ter_con_id, ter_tty_id, ter_iso2, ter_iso3, ter_name, ter_official_name, ter_start, ter_end, ter_parent_country_id, ter_successor_id, ter_description) VALUES (237, 4, 3, 'ZM', 'ZMB', 'Zambia', 'Republic of Zambia', 1964, NULL, NULL, NULL, NULL);
INSERT INTO public.ter_territory (ter_id, ter_con_id, ter_tty_id, ter_iso2, ter_iso3, ter_name, ter_official_name, ter_start, ter_end, ter_parent_country_id, ter_successor_id, ter_description) VALUES (238, 4, 3, 'ZW', 'ZWE', 'Zimbabwe', 'Republic of Zimbabwe', 1980, NULL, NULL, NULL, NULL);
INSERT INTO public.ter_territory (ter_id, ter_con_id, ter_tty_id, ter_iso2, ter_iso3, ter_name, ter_official_name, ter_start, ter_end, ter_parent_country_id, ter_successor_id, ter_description) VALUES (244, 4, 2, NULL, NULL, 'West African Union', 'West African Economic and Monetary Union', 1994, NULL, NULL, NULL, NULL);
INSERT INTO public.ter_territory (ter_id, ter_con_id, ter_tty_id, ter_iso2, ter_iso3, ter_name, ter_official_name, ter_start, ter_end, ter_parent_country_id, ter_successor_id, ter_description) VALUES (245, 6, 2, NULL, NULL, 'Euro Area', 'Euro Area', 1999, NULL, NULL, NULL, 'The eurozone, officially called the euro area, is a monetary union of 19 of the 27 European Union (EU) member states which have adopted the euro (€) as their common currency and sole legal tender.<br/>The eurozone consists of Austria, Belgium, Cyprus, Estonia, Finland, France, Germany, Greece, Ireland, Italy, Latvia, Lithuania, Luxembourg, Malta, the Netherlands, Portugal, Slovakia, Slovenia, and Spain.<br/>Andorra, Monaco, San Marino, and Vatican City use the euro as their official currency and issue their own coins.<br/>Kosovo and Montenegro have adopted the euro unilaterally, but these countries do not officially form part of the eurozone and do not have representation in the European Central Bank (ECB).<br/>The ECB, which is governed by a president and a board of the heads of national central banks, sets the monetary policy of the zone.');
INSERT INTO public.ter_territory (ter_id, ter_con_id, ter_tty_id, ter_iso2, ter_iso3, ter_name, ter_official_name, ter_start, ter_end, ter_parent_country_id, ter_successor_id, ter_description) VALUES (247, 4, 2, NULL, NULL, 'Community of Central Africa', 'Economic and Monetary Community of Central Africa', 1994, NULL, NULL, NULL, NULL);
INSERT INTO public.ter_territory (ter_id, ter_con_id, ter_tty_id, ter_iso2, ter_iso3, ter_name, ter_official_name, ter_start, ter_end, ter_parent_country_id, ter_successor_id, ter_description) VALUES (248, 6, 3, 'ME', 'MNE', 'Montenegro', 'Republic of Montenegro', 2006, NULL, NULL, NULL, NULL);
INSERT INTO public.ter_territory (ter_id, ter_con_id, ter_tty_id, ter_iso2, ter_iso3, ter_name, ter_official_name, ter_start, ter_end, ter_parent_country_id, ter_successor_id, ter_description) VALUES (249, 5, 4, 'PS', 'PSE', 'Palestine', 'State of Palestine', 1988, NULL, 105, NULL, NULL);
INSERT INTO public.ter_territory (ter_id, ter_con_id, ter_tty_id, ter_iso2, ter_iso3, ter_name, ter_official_name, ter_start, ter_end, ter_parent_country_id, ter_successor_id, ter_description) VALUES (250, 6, 3, 'RS', 'SRB', 'Serbia', 'Republic of Serbia', 2006, NULL, NULL, NULL, NULL);
INSERT INTO public.ter_territory (ter_id, ter_con_id, ter_tty_id, ter_iso2, ter_iso3, ter_name, ter_official_name, ter_start, ter_end, ter_parent_country_id, ter_successor_id, ter_description) VALUES (251, 4, 3, 'SS', 'SSD', 'South Sudan', 'Republic of South Sudan', 2011, NULL, NULL, NULL, NULL);
INSERT INTO public.ter_territory (ter_id, ter_con_id, ter_tty_id, ter_iso2, ter_iso3, ter_name, ter_official_name, ter_start, ter_end, ter_parent_country_id, ter_successor_id, ter_description) VALUES (252, 6, 4, NULL, NULL, 'Kosovo ', 'Republic of Kosovo', 2008, NULL, 250, NULL, NULL);
INSERT INTO public.ter_territory (ter_id, ter_con_id, ter_tty_id, ter_iso2, ter_iso3, ter_name, ter_official_name, ter_start, ter_end, ter_parent_country_id, ter_successor_id, ter_description) VALUES (254, 2, 5, 'BL', 'BLM', 'Saint Barthélemy', 'Territorial Collectivity of Saint-Barthélemy', 2007, NULL, 74, NULL, NULL);
INSERT INTO public.ter_territory (ter_id, ter_con_id, ter_tty_id, ter_iso2, ter_iso3, ter_name, ter_official_name, ter_start, ter_end, ter_parent_country_id, ter_successor_id, ter_description) VALUES (255, 2, 5, 'BQ', 'BES', 'Caribbean Netherlands', 'Special municipalities of Bonaire, Sint Eustatius and Saba', 2010, NULL, 149, NULL, 'These three special municipalities of the Netherlands are located in the Caribbean Sea. They are also known as the BES islands.');
INSERT INTO public.ter_territory (ter_id, ter_con_id, ter_tty_id, ter_iso2, ter_iso3, ter_name, ter_official_name, ter_start, ter_end, ter_parent_country_id, ter_successor_id, ter_description) VALUES (256, 2, 5, 'CW', 'CUW', 'Curaçao', 'Country of Curaçao', 2010, NULL, 149, NULL, NULL);
INSERT INTO public.ter_territory (ter_id, ter_con_id, ter_tty_id, ter_iso2, ter_iso3, ter_name, ter_official_name, ter_start, ter_end, ter_parent_country_id, ter_successor_id, ter_description) VALUES (257, 6, 5, 'GG', 'GGY', 'Guernsey', 'Bailiwick of Guernsey', 1204, NULL, 224, NULL, NULL);
INSERT INTO public.ter_territory (ter_id, ter_con_id, ter_tty_id, ter_iso2, ter_iso3, ter_name, ter_official_name, ter_start, ter_end, ter_parent_country_id, ter_successor_id, ter_description) VALUES (258, 6, 5, 'IM', 'IMN', 'Isle of Man', 'Isle of Man', 1765, NULL, 224, NULL, NULL);
INSERT INTO public.ter_territory (ter_id, ter_con_id, ter_tty_id, ter_iso2, ter_iso3, ter_name, ter_official_name, ter_start, ter_end, ter_parent_country_id, ter_successor_id, ter_description) VALUES (259, 6, 5, 'JE', 'JEY', 'Jersey', 'Bailiwick of Jersey', 1204, NULL, 224, NULL, NULL);
INSERT INTO public.ter_territory (ter_id, ter_con_id, ter_tty_id, ter_iso2, ter_iso3, ter_name, ter_official_name, ter_start, ter_end, ter_parent_country_id, ter_successor_id, ter_description) VALUES (260, 2, 5, 'MF', 'MAF', 'Saint Martin ', 'Collectivity of Saint Martin', 2007, NULL, 74, NULL, NULL);
INSERT INTO public.ter_territory (ter_id, ter_con_id, ter_tty_id, ter_iso2, ter_iso3, ter_name, ter_official_name, ter_start, ter_end, ter_parent_country_id, ter_successor_id, ter_description) VALUES (261, 2, 5, 'SX', 'SXM', 'Sint Maarten', 'Country of Sint Maarten', 2010, NULL, 149, NULL, NULL);
INSERT INTO public.ter_territory (ter_id, ter_con_id, ter_tty_id, ter_iso2, ter_iso3, ter_name, ter_official_name, ter_start, ter_end, ter_parent_country_id, ter_successor_id, ter_description) VALUES (263, 6, 3, 'CS', 'CSK', 'Czechoslovakia', 'Czechoslovak Socialist Republic', 1918, 1992, NULL, '57,192', NULL);
INSERT INTO public.ter_territory (ter_id, ter_con_id, ter_tty_id, ter_iso2, ter_iso3, ter_name, ter_official_name, ter_start, ter_end, ter_parent_country_id, ter_successor_id, ter_description) VALUES (264, 4, 3, 'DY', 'DHY', 'Dahomey', 'Republic of Dahomey', 1958, 1975, NULL, '23', NULL);
INSERT INTO public.ter_territory (ter_id, ter_con_id, ter_tty_id, ter_iso2, ter_iso3, ter_name, ter_official_name, ter_start, ter_end, ter_parent_country_id, ter_successor_id, ter_description) VALUES (265, 5, 5, 'TP', 'TMP', 'East Timor', 'East Timor', 1976, 2002, 101, '62', NULL);
INSERT INTO public.ter_territory (ter_id, ter_con_id, ter_tty_id, ter_iso2, ter_iso3, ter_name, ter_official_name, ter_start, ter_end, ter_parent_country_id, ter_successor_id, ter_description) VALUES (266, 4, 5, 'AI', 'AFI', 'French Afars and Issas', 'French Territory of the Afars and the Issas', 1967, 1977, 74, '59', NULL);
INSERT INTO public.ter_territory (ter_id, ter_con_id, ter_tty_id, ter_iso2, ter_iso3, ter_name, ter_official_name, ter_start, ter_end, ter_parent_country_id, ter_successor_id, ter_description) VALUES (267, 6, 3, 'DD', 'DDR', 'Germany, East', 'German Democratic Republic', 1949, 1990, NULL, '81', NULL);
INSERT INTO public.ter_territory (ter_id, ter_con_id, ter_tty_id, ter_iso2, ter_iso3, ter_name, ter_official_name, ter_start, ter_end, ter_parent_country_id, ter_successor_id, ter_description) VALUES (272, 7, 5, 'NH', 'NHB', 'New Hebrides', 'New Hebrides Condominium', 1906, 1980, 74, '229', NULL);
INSERT INTO public.ter_territory (ter_id, ter_con_id, ter_tty_id, ter_iso2, ter_iso3, ter_name, ter_official_name, ter_start, ter_end, ter_parent_country_id, ter_successor_id, ter_description) VALUES (273, 7, 5, 'PC', 'PCI', 'Pacific Islands, Trust Territory', 'Trust Territory of the Pacific Islands', 1947, 1994, 225, '132,138,159,163', NULL);
INSERT INTO public.ter_territory (ter_id, ter_con_id, ter_tty_id, ter_iso2, ter_iso3, ter_name, ter_official_name, ter_start, ter_end, ter_parent_country_id, ter_successor_id, ter_description) VALUES (274, 2, 5, 'PZ', 'PCZ', 'Panama Canal Zone', 'Panama Canal Zone', 1903, 1979, 225, '165', NULL);
INSERT INTO public.ter_territory (ter_id, ter_con_id, ter_tty_id, ter_iso2, ter_iso3, ter_name, ter_official_name, ter_start, ter_end, ter_parent_country_id, ter_successor_id, ter_description) VALUES (276, 5, 3, 'SK', 'SKM', 'Sikkim', 'Sikkim', 1948, 1975, NULL, '100', NULL);
INSERT INTO public.ter_territory (ter_id, ter_con_id, ter_tty_id, ter_iso2, ter_iso3, ter_name, ter_official_name, ter_start, ter_end, ter_parent_country_id, ter_successor_id, ter_description) VALUES (277, 4, 5, 'RH', 'RHO', 'Southern Rhodesia', 'Colony of Southern Rhodesia', 1979, 1980, 224, '238', NULL);
INSERT INTO public.ter_territory (ter_id, ter_con_id, ter_tty_id, ter_iso2, ter_iso3, ter_name, ter_official_name, ter_start, ter_end, ter_parent_country_id, ter_successor_id, ter_description) VALUES (279, 4, 3, 'HV', 'HVO', 'Upper Volta', 'Republic of Upper Volta', 1958, 1984, NULL, '34', NULL);
INSERT INTO public.ter_territory (ter_id, ter_con_id, ter_tty_id, ter_iso2, ter_iso3, ter_name, ter_official_name, ter_start, ter_end, ter_parent_country_id, ter_successor_id, ter_description) VALUES (280, 6, 3, 'SU', 'SUN', 'Soviet Union', 'Union of Soviet Socialist Republics', 1922, 1991, NULL, '177', NULL);
INSERT INTO public.ter_territory (ter_id, ter_con_id, ter_tty_id, ter_iso2, ter_iso3, ter_name, ter_official_name, ter_start, ter_end, ter_parent_country_id, ter_successor_id, ter_description) VALUES (281, 5, 3, 'VD', 'VDR', 'Vietnam, North', 'Democratic Republic of Vietnam', 1945, 1976, NULL, '231', NULL);
INSERT INTO public.ter_territory (ter_id, ter_con_id, ter_tty_id, ter_iso2, ter_iso3, ter_name, ter_official_name, ter_start, ter_end, ter_parent_country_id, ter_successor_id, ter_description) VALUES (283, 5, 3, 'YD', 'YMD', 'Yemen, Democratic Rep.', 'PeopleNULLs Democratic Republic of Yemen', 1967, 1990, NULL, '236', NULL);
INSERT INTO public.ter_territory (ter_id, ter_con_id, ter_tty_id, ter_iso2, ter_iso3, ter_name, ter_official_name, ter_start, ter_end, ter_parent_country_id, ter_successor_id, ter_description) VALUES (285, 4, 3, 'ZR', 'ZAR', 'Zaire', 'Republic of Zaire', 1971, 1997, NULL, '288', NULL);
INSERT INTO public.ter_territory (ter_id, ter_con_id, ter_tty_id, ter_iso2, ter_iso3, ter_name, ter_official_name, ter_start, ter_end, ter_parent_country_id, ter_successor_id, ter_description) VALUES (286, 7, 5, 'GE', 'GEL', 'Gilbert and Ellice Islands', 'Gilbert and Ellice Islands', 1892, 1976, 224, '112,220', NULL);
INSERT INTO public.ter_territory (ter_id, ter_con_id, ter_tty_id, ter_iso2, ter_iso3, ter_name, ter_official_name, ter_start, ter_end, ter_parent_country_id, ter_successor_id, ter_description) VALUES (288, 4, 3, 'CD', 'COD', 'Congo, Democratic Republic', 'Democratic Republic of the Congo', 1997, NULL, NULL, NULL, NULL);
INSERT INTO public.ter_territory (ter_id, ter_con_id, ter_tty_id, ter_iso2, ter_iso3, ter_name, ter_official_name, ter_start, ter_end, ter_parent_country_id, ter_successor_id, ter_description) VALUES (289, 5, 4, NULL, NULL, 'Abkhazia', 'Republic of Abkhazia', 1999, NULL, 80, NULL, NULL);
INSERT INTO public.ter_territory (ter_id, ter_con_id, ter_tty_id, ter_iso2, ter_iso3, ter_name, ter_official_name, ter_start, ter_end, ter_parent_country_id, ter_successor_id, ter_description) VALUES (290, 5, 4, NULL, NULL, 'South Ossetia', 'Republic of South Ossetia', 1991, NULL, 80, NULL, NULL);
INSERT INTO public.ter_territory (ter_id, ter_con_id, ter_tty_id, ter_iso2, ter_iso3, ter_name, ter_official_name, ter_start, ter_end, ter_parent_country_id, ter_successor_id, ter_description) VALUES (291, 5, 4, NULL, NULL, 'Artsakh', 'Republic of Artsakh / Nagorno-Karabakh Republic', 1991, NULL, 11, NULL, NULL);
INSERT INTO public.ter_territory (ter_id, ter_con_id, ter_tty_id, ter_iso2, ter_iso3, ter_name, ter_official_name, ter_start, ter_end, ter_parent_country_id, ter_successor_id, ter_description) VALUES (292, 6, 4, NULL, NULL, 'Transnistria ', 'Pridnestrovian Moldavian Republic', 1990, NULL, 139, NULL, NULL);
INSERT INTO public.ter_territory (ter_id, ter_con_id, ter_tty_id, ter_iso2, ter_iso3, ter_name, ter_official_name, ter_start, ter_end, ter_parent_country_id, ter_successor_id, ter_description) VALUES (293, 4, 4, NULL, NULL, 'Somaliland ', 'Republic of Somaliland', 1991, NULL, 195, NULL, NULL);
INSERT INTO public.ter_territory (ter_id, ter_con_id, ter_tty_id, ter_iso2, ter_iso3, ter_name, ter_official_name, ter_start, ter_end, ter_parent_country_id, ter_successor_id, ter_description) VALUES (294, 6, 5, NULL, NULL, 'Northern Ireland', 'Northern Ireland', 1921, NULL, 224, NULL, NULL);
INSERT INTO public.ter_territory (ter_id, ter_con_id, ter_tty_id, ter_iso2, ter_iso3, ter_name, ter_official_name, ter_start, ter_end, ter_parent_country_id, ter_successor_id, ter_description) VALUES (295, 6, 5, NULL, NULL, 'Scotland', 'Scotland', 1707, NULL, 224, NULL, NULL);
INSERT INTO public.ter_territory (ter_id, ter_con_id, ter_tty_id, ter_iso2, ter_iso3, ter_name, ter_official_name, ter_start, ter_end, ter_parent_country_id, ter_successor_id, ter_description) VALUES (296, 5, 4, NULL, NULL, 'Tannu Tuva', 'Tuvan PeopleNULLs Republic', 1921, 1944, 280, NULL, NULL);
INSERT INTO public.ter_territory (ter_id, ter_con_id, ter_tty_id, ter_iso2, ter_iso3, ter_name, ter_official_name, ter_start, ter_end, ter_parent_country_id, ter_successor_id, ter_description) VALUES (297, 5, 5, 'TP', 'TMP', 'Portuguese Timor', 'East Timor', 1702, 1975, 172, '265', NULL);
INSERT INTO public.ter_territory (ter_id, ter_con_id, ter_tty_id, ter_iso2, ter_iso3, ter_name, ter_official_name, ter_start, ter_end, ter_parent_country_id, ter_successor_id, ter_description) VALUES (298, 2, 2, NULL, NULL, 'Eastern Caribbean States', 'Organisation of Eastern Caribbean States', 1981, NULL, NULL, NULL, NULL);
INSERT INTO public.ter_territory (ter_id, ter_con_id, ter_tty_id, ter_iso2, ter_iso3, ter_name, ter_official_name, ter_start, ter_end, ter_parent_country_id, ter_successor_id, ter_description) VALUES (299, 7, 2, NULL, NULL, 'French Overseas Collectivities ', 'French Overseas Collectivities ', 1945, NULL, 74, NULL, NULL);
INSERT INTO public.ter_territory (ter_id, ter_con_id, ter_tty_id, ter_iso2, ter_iso3, ter_name, ter_official_name, ter_start, ter_end, ter_parent_country_id, ter_successor_id, ter_description) VALUES (300, 4, 4, 'RH', 'RHO', 'Rhodesia', 'Zimbabwe Rhodesia', 1965, 1979, 224, '277', NULL);
INSERT INTO public.ter_territory (ter_id, ter_con_id, ter_tty_id, ter_iso2, ter_iso3, ter_name, ter_official_name, ter_start, ter_end, ter_parent_country_id, ter_successor_id, ter_description) VALUES (301, 4, 5, NULL, NULL, 'Southern Rhodesia', 'Colony of Southern Rhodesia', 1964, 1965, 224, '300', NULL);
INSERT INTO public.ter_territory (ter_id, ter_con_id, ter_tty_id, ter_iso2, ter_iso3, ter_name, ter_official_name, ter_start, ter_end, ter_parent_country_id, ter_successor_id, ter_description) VALUES (302, 4, 5, NULL, NULL, 'Rhodesia and Nyasaland', 'Federation of Rhodesia and Nyasaland', 1953, 1963, 224, '301,127,237', NULL);
INSERT INTO public.ter_territory (ter_id, ter_con_id, ter_tty_id, ter_iso2, ter_iso3, ter_name, ter_official_name, ter_start, ter_end, ter_parent_country_id, ter_successor_id, ter_description) VALUES (303, 6, 5, NULL, NULL, 'Azores', 'Autonomous Region of the Azores', 1433, NULL, 172, NULL, NULL);
INSERT INTO public.ter_territory (ter_id, ter_con_id, ter_tty_id, ter_iso2, ter_iso3, ter_name, ter_official_name, ter_start, ter_end, ter_parent_country_id, ter_successor_id, ter_description) VALUES (304, 6, 4, NULL, NULL, 'Tatarstan', 'Republic of Tatarstan', 1990, 1994, 177, NULL, NULL);
INSERT INTO public.ter_territory (ter_id, ter_con_id, ter_tty_id, ter_iso2, ter_iso3, ter_name, ter_official_name, ter_start, ter_end, ter_parent_country_id, ter_successor_id, ter_description) VALUES (305, 4, 5, NULL, NULL, 'Ruanda-Urundi', 'Ruanda-Urundi', 1922, 1962, 21, '35,178', NULL);
INSERT INTO public.ter_territory (ter_id, ter_con_id, ter_tty_id, ter_iso2, ter_iso3, ter_name, ter_official_name, ter_start, ter_end, ter_parent_country_id, ter_successor_id, ter_description) VALUES (306, 4, 4, NULL, NULL, 'Biafra', 'Republic of Biafra', 1967, 1970, 155, '155', NULL);
INSERT INTO public.ter_territory (ter_id, ter_con_id, ter_tty_id, ter_iso2, ter_iso3, ter_name, ter_official_name, ter_start, ter_end, ter_parent_country_id, ter_successor_id, ter_description) VALUES (307, 4, 5, NULL, NULL, 'Portuguese Guinea', 'Overseas Province of Guinea', 1474, 1974, 172, '91', NULL);
INSERT INTO public.ter_territory (ter_id, ter_con_id, ter_tty_id, ter_iso2, ter_iso3, ter_name, ter_official_name, ter_start, ter_end, ter_parent_country_id, ter_successor_id, ter_description) VALUES (308, 5, 5, NULL, NULL, 'Qatar', 'Protectorate of Qatar', 1916, 1971, 224, '174', NULL);
INSERT INTO public.ter_territory (ter_id, ter_con_id, ter_tty_id, ter_iso2, ter_iso3, ter_name, ter_official_name, ter_start, ter_end, ter_parent_country_id, ter_successor_id, ter_description) VALUES (309, 5, 5, NULL, NULL, 'Trucial States', 'Trucial States', 1820, 1971, 224, '223', NULL);
INSERT INTO public.ter_territory (ter_id, ter_con_id, ter_tty_id, ter_iso2, ter_iso3, ter_name, ter_official_name, ter_start, ter_end, ter_parent_country_id, ter_successor_id, ter_description) VALUES (310, 4, 4, NULL, NULL, 'Katanga', 'State of Katanga', 1960, 1963, 50, '50', NULL);
INSERT INTO public.ter_territory (ter_id, ter_con_id, ter_tty_id, ter_iso2, ter_iso3, ter_name, ter_official_name, ter_start, ter_end, ter_parent_country_id, ter_successor_id, ter_description) VALUES (311, 5, 2, NULL, NULL, 'Qatar and Dubai', 'Qatar-Dubai Currency Agreement', 1966, 1973, NULL, NULL, NULL);
INSERT INTO public.ter_territory (ter_id, ter_con_id, ter_tty_id, ter_iso2, ter_iso3, ter_name, ter_official_name, ter_start, ter_end, ter_parent_country_id, ter_successor_id, ter_description) VALUES (313, 4, 4, NULL, NULL, 'South Kasai', 'South Kasai', 1960, 1962, 50, '50', NULL);
INSERT INTO public.ter_territory (ter_id, ter_con_id, ter_tty_id, ter_iso2, ter_iso3, ter_name, ter_official_name, ter_start, ter_end, ter_parent_country_id, ter_successor_id, ter_description) VALUES (314, 4, 4, NULL, NULL, 'Congo-Stanleyville', 'Free Republic of the Congo', 1960, 1962, 50, '50', NULL);
INSERT INTO public.ter_territory (ter_id, ter_con_id, ter_tty_id, ter_iso2, ter_iso3, ter_name, ter_official_name, ter_start, ter_end, ter_parent_country_id, ter_successor_id, ter_description) VALUES (316, 4, 3, NULL, NULL, 'Congo Free State', 'Congo Free State', 1885, 1908, NULL, '315', NULL);
INSERT INTO public.ter_territory (ter_id, ter_con_id, ter_tty_id, ter_iso2, ter_iso3, ter_name, ter_official_name, ter_start, ter_end, ter_parent_country_id, ter_successor_id, ter_description) VALUES (317, 6, 3, NULL, NULL, 'Danzig', 'Free City of Danzig', 1920, 1939, NULL, '81', NULL);
INSERT INTO public.ter_territory (ter_id, ter_con_id, ter_tty_id, ter_iso2, ter_iso3, ter_name, ter_official_name, ter_start, ter_end, ter_parent_country_id, ter_successor_id, ter_description) VALUES (318, 5, 5, NULL, NULL, 'Ceylon', 'British Ceylon', 1815, 1948, 224, '200', NULL);
INSERT INTO public.ter_territory (ter_id, ter_con_id, ter_tty_id, ter_iso2, ter_iso3, ter_name, ter_official_name, ter_start, ter_end, ter_parent_country_id, ter_successor_id, ter_description) VALUES (319, 5, 3, NULL, NULL, 'Vietnam, South', 'Republic of Vietnam', 1955, 1975, NULL, '231', NULL);
INSERT INTO public.ter_territory (ter_id, ter_con_id, ter_tty_id, ter_iso2, ter_iso3, ter_name, ter_official_name, ter_start, ter_end, ter_parent_country_id, ter_successor_id, ter_description) VALUES (320, 5, 5, NULL, NULL, 'Vietnam, State', 'State of Vietnam', 1949, 1955, 74, '319', NULL);
INSERT INTO public.ter_territory (ter_id, ter_con_id, ter_tty_id, ter_iso2, ter_iso3, ter_name, ter_official_name, ter_start, ter_end, ter_parent_country_id, ter_successor_id, ter_description) VALUES (321, 5, 5, NULL, NULL, 'French Indochina', 'Indochinese Union', 1887, 1954, 74, '320,115,36', NULL);
INSERT INTO public.ter_territory (ter_id, ter_con_id, ter_tty_id, ter_iso2, ter_iso3, ter_name, ter_official_name, ter_start, ter_end, ter_parent_country_id, ter_successor_id, ter_description) VALUES (322, 5, 3, NULL, NULL, 'Korea', 'Korean Empire', 1897, 1910, NULL, '323', NULL);
INSERT INTO public.ter_territory (ter_id, ter_con_id, ter_tty_id, ter_iso2, ter_iso3, ter_name, ter_official_name, ter_start, ter_end, ter_parent_country_id, ter_successor_id, ter_description) VALUES (323, 5, 5, NULL, NULL, 'Japanese Korea', 'Japanese Korea', 1910, 1945, 108, '158,198', NULL);
INSERT INTO public.ter_territory (ter_id, ter_con_id, ter_tty_id, ter_iso2, ter_iso3, ter_name, ter_official_name, ter_start, ter_end, ter_parent_country_id, ter_successor_id, ter_description) VALUES (324, 5, 5, NULL, NULL, 'British Burma', 'British Burma', 1824, 1948, 224, '145', NULL);
INSERT INTO public.ter_territory (ter_id, ter_con_id, ter_tty_id, ter_iso2, ter_iso3, ter_name, ter_official_name, ter_start, ter_end, ter_parent_country_id, ter_successor_id, ter_description) VALUES (325, 7, 5, NULL, NULL, 'Western Samoa', 'Western Samoa Trust Territory', 1914, 1962, 152, '184', NULL);
INSERT INTO public.ter_territory (ter_id, ter_con_id, ter_tty_id, ter_iso2, ter_iso3, ter_name, ter_official_name, ter_start, ter_end, ter_parent_country_id, ter_successor_id, ter_description) VALUES (326, 7, 5, NULL, NULL, 'German Samoa', 'German Samoa', 1900, 1914, 81, '325', NULL);
INSERT INTO public.ter_territory (ter_id, ter_con_id, ter_tty_id, ter_iso2, ter_iso3, ter_name, ter_official_name, ter_start, ter_end, ter_parent_country_id, ter_successor_id, ter_description) VALUES (327, 2, 5, NULL, NULL, 'Belize', 'Belize', 1973, 1981, 224, '22', NULL);
INSERT INTO public.ter_territory (ter_id, ter_con_id, ter_tty_id, ter_iso2, ter_iso3, ter_name, ter_official_name, ter_start, ter_end, ter_parent_country_id, ter_successor_id, ter_description) VALUES (328, 2, 5, NULL, NULL, 'British Honduras', 'British Honduras', 1862, 1973, 224, '327', NULL);
INSERT INTO public.ter_territory (ter_id, ter_con_id, ter_tty_id, ter_iso2, ter_iso3, ter_name, ter_official_name, ter_start, ter_end, ter_parent_country_id, ter_successor_id, ter_description) VALUES (32, 5, 3, 'BN', 'BRN', 'Brunei', 'Nation of Brunei, the Abode of Peace', 1984, NULL, NULL, NULL, 'Brunei gained its independence from the United Kingdom on 1 January 1984');
INSERT INTO public.ter_territory (ter_id, ter_con_id, ter_tty_id, ter_iso2, ter_iso3, ter_name, ter_official_name, ter_start, ter_end, ter_parent_country_id, ter_successor_id, ter_description) VALUES (329, 5, 5, NULL, NULL, 'Brunei', 'British protectorate of Brunei', 1888, 1984, 224, '32', NULL);
INSERT INTO public.ter_territory (ter_id, ter_con_id, ter_tty_id, ter_iso2, ter_iso3, ter_name, ter_official_name, ter_start, ter_end, ter_parent_country_id, ter_successor_id, ter_description) VALUES (315, 4, 5, NULL, NULL, 'Belgian Congo', 'Belgian Congo', 1908, 1960, 21, '50,314,310,313', NULL);
INSERT INTO public.ter_territory (ter_id, ter_con_id, ter_tty_id, ter_iso2, ter_iso3, ter_name, ter_official_name, ter_start, ter_end, ter_parent_country_id, ter_successor_id, ter_description) VALUES (128, 5, 3, 'MY', 'MYS', 'Malaysia', 'Malaysian Federation', 1963, NULL, NULL, NULL, 'Malaysia was created when Malaya united with North Borneo, Sarawak, and Singapore on 16 September 1963. In 1965, Singapore became an independent country.');
INSERT INTO public.ter_territory (ter_id, ter_con_id, ter_tty_id, ter_iso2, ter_iso3, ter_name, ter_official_name, ter_start, ter_end, ter_parent_country_id, ter_successor_id, ter_description) VALUES (129, 5, 3, 'MV', 'MDV', 'Maldives', 'Republic of Maldives', 1965, NULL, NULL, NULL, NULL);
INSERT INTO public.ter_territory (ter_id, ter_con_id, ter_tty_id, ter_iso2, ter_iso3, ter_name, ter_official_name, ter_start, ter_end, ter_parent_country_id, ter_successor_id, ter_description) VALUES (330, 5, 3, NULL, NULL, 'Malaya', 'Federation of Malaya', 1957, 1963, NULL, '128', 'The Federation became independent on 31 August 1957, and in 1963, Malaysia was formed when the federation united with the colonies of Singapore, North Borneo, and Sarawak.');
INSERT INTO public.ter_territory (ter_id, ter_con_id, ter_tty_id, ter_iso2, ter_iso3, ter_name, ter_official_name, ter_start, ter_end, ter_parent_country_id, ter_successor_id, ter_description) VALUES (331, 5, 5, NULL, NULL, 'Malaya', 'Federation of Malaya', 1948, 1957, 224, '330', 'Federation of British Malaya, comprising eleven states (nine Malay states and two of the British Straits Settlements, Penang and Malacca) that existed from 1 February 1948 until 16 September 1963. The Federation became independent on 31 August 1957.');
INSERT INTO public.ter_territory (ter_id, ter_con_id, ter_tty_id, ter_iso2, ter_iso3, ter_name, ter_official_name, ter_start, ter_end, ter_parent_country_id, ter_successor_id, ter_description) VALUES (332, 5, 5, NULL, NULL, 'North Borneo', 'Crown Colony of North Borneo', 1946, 1963, 224, '128', 'The Crown Colony of Labuan joined the new Crown Colony during its formation. It was succeeded as the state of Sabah through the formation of the Federation of Malaysia on 16 September 1963.');
INSERT INTO public.ter_territory (ter_id, ter_con_id, ter_tty_id, ter_iso2, ter_iso3, ter_name, ter_official_name, ter_start, ter_end, ter_parent_country_id, ter_successor_id, ter_description) VALUES (333, 5, 5, NULL, NULL, 'Sarawak', 'Crown Colony of Sarawak', 1946, 1963, 224, '128', 'The Crown Colony of Sarawak was a British Crown colony on the island of Borneo, established in 1946, shortly after the dissolution of the British Military Administration. It was succeeded as the state of Sarawak through the formation of the Federation of Malaysia on 16 September 1963.');
INSERT INTO public.ter_territory (ter_id, ter_con_id, ter_tty_id, ter_iso2, ter_iso3, ter_name, ter_official_name, ter_start, ter_end, ter_parent_country_id, ter_successor_id, ter_description) VALUES (334, 5, 5, NULL, NULL, 'Singapore', 'Colony of Singapore', 1946, 1963, 224, '128', 'The Colony of Singapore was a British Crown colony that existed from 1946 until 1963. In 1946, the Straits Settlements were dissolved and Singapore together with the Cocos-Keeling and Christmas Island became a separate Crown colony. The colony was governed by the United Kingdom until it gained partial internal self-governance in 1955. The Crown colony was dissolved on 16 September 1963 when Singapore became a state of Malaysia. On 9 August 1965, Singapore officially left Malaysia to become the independent Republic of Singapore');
INSERT INTO public.ter_territory (ter_id, ter_con_id, ter_tty_id, ter_iso2, ter_iso3, ter_name, ter_official_name, ter_start, ter_end, ter_parent_country_id, ter_successor_id, ter_description) VALUES (335, 5, 2, NULL, NULL, 'Malaya and British Borneo', 'Malaya and British Borneo', 1953, 1967, NULL, NULL, 'The Malaya and British Borneo dollar was the currency of Malaya, Singapore, Sarawak, North Borneo, Brunei and Riau archipelago from 1953 to 1967 and was the successor of the Malayan dollar and Sarawak dollar, replacing them at par. The currency was issued by the Board of Commissioners of Currency, Malaya and British Borneo. Prior to 1952, the board was known as the Board of Commissioners of Currency, Malaya. 
The Malaya and British Borneo dollar was used in Malaya after independence in 1957, and in Malaysia after its formation in 1963, as well as in Singapore after its independence in 1965. After 1967, the two countries and Brunei ended the common currency arrangement and began issuing their own currencies. However, the Malaya and British Borneo dollar continued to be legal tender until 16 January 1969. The currency was also being used in the Riau Archipelago in Indonesia prior to 1963. ');
INSERT INTO public.ter_territory (ter_id, ter_con_id, ter_tty_id, ter_iso2, ter_iso3, ter_name, ter_official_name, ter_start, ter_end, ter_parent_country_id, ter_successor_id, ter_description) VALUES (336, 5, 5, NULL, NULL, 'Portuguese India', 'State of India', 1505, 1961, 172, '100', NULL);
INSERT INTO public.ter_territory (ter_id, ter_con_id, ter_tty_id, ter_iso2, ter_iso3, ter_name, ter_official_name, ter_start, ter_end, ter_parent_country_id, ter_successor_id, ter_description) VALUES (337, 5, 4, NULL, NULL, 'Dadra and Nagar Haveli', 'Free Dadra and Nagar Haveli', 1954, 1961, 172, '100', NULL);
INSERT INTO public.ter_territory (ter_id, ter_con_id, ter_tty_id, ter_iso2, ter_iso3, ter_name, ter_official_name, ter_start, ter_end, ter_parent_country_id, ter_successor_id, ter_description) VALUES (338, 5, 5, NULL, NULL, 'Dutch East Indies', 'Dutch East Indies', 1800, 1949, 149, '101', NULL);
INSERT INTO public.ter_territory (ter_id, ter_con_id, ter_tty_id, ter_iso2, ter_iso3, ter_name, ter_official_name, ter_start, ter_end, ter_parent_country_id, ter_successor_id, ter_description) VALUES (339, 5, 5, NULL, NULL, 'Netherlands New Guinea', 'Netherlands New Guinea', 1949, 1962, 149, '101', NULL);
INSERT INTO public.ter_territory (ter_id, ter_con_id, ter_tty_id, ter_iso2, ter_iso3, ter_name, ter_official_name, ter_start, ter_end, ter_parent_country_id, ter_successor_id, ter_description) VALUES (340, 5, 4, NULL, NULL, 'Iranian Azerbaijan', 'Azerbaijan People''s Government', 1945, 1946, 102, '102', NULL);
INSERT INTO public.ter_territory (ter_id, ter_con_id, ter_tty_id, ter_iso2, ter_iso3, ter_name, ter_official_name, ter_start, ter_end, ter_parent_country_id, ter_successor_id, ter_description) VALUES (341, 4, 5, NULL, NULL, 'French Somaliland', 'French Somaliland', 1883, 1967, 74, '342', NULL);
INSERT INTO public.ter_territory (ter_id, ter_con_id, ter_tty_id, ter_iso2, ter_iso3, ter_name, ter_official_name, ter_start, ter_end, ter_parent_country_id, ter_successor_id, ter_description) VALUES (342, 4, 5, NULL, NULL, 'Afars and the Issas', 'French Territory of the Afars and the Issas', 1967, 1977, 74, '59', NULL);
INSERT INTO public.ter_territory (ter_id, ter_con_id, ter_tty_id, ter_iso2, ter_iso3, ter_name, ter_official_name, ter_start, ter_end, ter_parent_country_id, ter_successor_id, ter_description) VALUES (343, 4, 5, NULL, NULL, 'French Equatorial Africa', 'French Equatorial Africa', 1910, 1958, 74, '41,42,49,78', 'In September 1958 the federation was dissolved. In 1959 the new republics formed an interim association called the Union of Central African Republics, before becoming fully independent in August 1960. ');
INSERT INTO public.ter_territory (ter_id, ter_con_id, ter_tty_id, ter_iso2, ter_iso3, ter_name, ter_official_name, ter_start, ter_end, ter_parent_country_id, ter_successor_id, ter_description) VALUES (23, 4, 3, 'BJ', 'BEN', 'Benin', 'Republic of Benin', 1960, NULL, NULL, NULL, 'Between 1958 and 1975 its official name was 
Republic of Dahomey');
INSERT INTO public.ter_territory (ter_id, ter_con_id, ter_tty_id, ter_iso2, ter_iso3, ter_name, ter_official_name, ter_start, ter_end, ter_parent_country_id, ter_successor_id, ter_description) VALUES (53, 4, 3, 'CI', 'CIV', 'Côte d''Ivoire', 'Republic of Côte d''Ivoire', 1960, NULL, NULL, NULL, NULL);
INSERT INTO public.ter_territory (ter_id, ter_con_id, ter_tty_id, ter_iso2, ter_iso3, ter_name, ter_official_name, ter_start, ter_end, ter_parent_country_id, ter_successor_id, ter_description) VALUES (344, 4, 5, NULL, NULL, 'French West Africa', 'French West Africa', 1895, 1958, 74, '21,34,53,90,130,134,154,188', NULL);
INSERT INTO public.ter_territory (ter_id, ter_con_id, ter_tty_id, ter_iso2, ter_iso3, ter_name, ter_official_name, ter_start, ter_end, ter_parent_country_id, ter_successor_id, ter_description) VALUES (345, 4, 2, NULL, NULL, 'British West Africa', 'British West Africa', 1907, 1962, 224, NULL, NULL);
INSERT INTO public.ter_territory (ter_id, ter_con_id, ter_tty_id, ter_iso2, ter_iso3, ter_name, ter_official_name, ter_start, ter_end, ter_parent_country_id, ter_successor_id, ter_description) VALUES (346, 4, 5, NULL, NULL, 'Gambia Colony', 'Gambia Colony and Protectorate', 1821, 1965, 224, '79', NULL);
INSERT INTO public.ter_territory (ter_id, ter_con_id, ter_tty_id, ter_iso2, ter_iso3, ter_name, ter_official_name, ter_start, ter_end, ter_parent_country_id, ter_successor_id, ter_description) VALUES (347, 4, 5, NULL, NULL, 'Sierra Leone Colony', 'Sierra Leone Colony and Protectorate', 1808, 1961, 224, '190', NULL);
INSERT INTO public.ter_territory (ter_id, ter_con_id, ter_tty_id, ter_iso2, ter_iso3, ter_name, ter_official_name, ter_start, ter_end, ter_parent_country_id, ter_successor_id, ter_description) VALUES (349, 4, 5, NULL, NULL, 'Nigeria, Northern ', 'Northern Nigeria Protectorate', 1900, 1914, 224, '348', NULL);
INSERT INTO public.ter_territory (ter_id, ter_con_id, ter_tty_id, ter_iso2, ter_iso3, ter_name, ter_official_name, ter_start, ter_end, ter_parent_country_id, ter_successor_id, ter_description) VALUES (350, 4, 5, NULL, NULL, 'Nigeria, Southern ', 'Southern Nigeria Protectorate', 1900, 1914, 224, '348', NULL);
INSERT INTO public.ter_territory (ter_id, ter_con_id, ter_tty_id, ter_iso2, ter_iso3, ter_name, ter_official_name, ter_start, ter_end, ter_parent_country_id, ter_successor_id, ter_description) VALUES (351, 4, 5, NULL, NULL, 'Gold Coast', 'Colony of the Gold Coast', 1821, 1957, 224, '82', NULL);
INSERT INTO public.ter_territory (ter_id, ter_con_id, ter_tty_id, ter_iso2, ter_iso3, ter_name, ter_official_name, ter_start, ter_end, ter_parent_country_id, ter_successor_id, ter_description) VALUES (348, 4, 5, NULL, NULL, 'Nigeria, Federation', 'Federation of Nigeria', 1914, 1960, 224, '155', 'Colony and Protectorate of Nigeria
(1914–1954)
Federation of Nigeria (1954-1960)');
INSERT INTO public.ter_territory (ter_id, ter_con_id, ter_tty_id, ter_iso2, ter_iso3, ter_name, ter_official_name, ter_start, ter_end, ter_parent_country_id, ter_successor_id, ter_description) VALUES (352, 4, 5, NULL, NULL, 'British East Africa', 'East Africa Protectorate', 1895, 1920, 224, '353', NULL);
INSERT INTO public.ter_territory (ter_id, ter_con_id, ter_tty_id, ter_iso2, ter_iso3, ter_name, ter_official_name, ter_start, ter_end, ter_parent_country_id, ter_successor_id, ter_description) VALUES (353, 4, 5, NULL, NULL, 'Kenya Colony', 'Colony and Protectorate of Kenya', 1920, 1963, 224, '111', NULL);
INSERT INTO public.ter_territory (ter_id, ter_con_id, ter_tty_id, ter_iso2, ter_iso3, ter_name, ter_official_name, ter_start, ter_end, ter_parent_country_id, ter_successor_id, ter_description) VALUES (50, 4, 3, NULL, NULL, 'Congo-Kinshasa', 'Democratic Republic of the Congo', 1960, 1971, NULL, '285', 'Between 1960 and 1964 the official name of the country was Republic of the Congo. Therefore, to avoid confusion with the neighboring country with the same name, it was also known as Congo-Kinshasa ');
INSERT INTO public.ter_territory (ter_id, ter_con_id, ter_tty_id, ter_iso2, ter_iso3, ter_name, ter_official_name, ter_start, ter_end, ter_parent_country_id, ter_successor_id, ter_description) VALUES (275, 6, 3, 'CS', 'CSG', 'Serbia and Montenegro', 'State Union of Serbia and Montenegro', 2003, 2006, NULL, '250,248', 'After the disolution of the Socialist Federal Republic of Yugoslavia after its breakup in 1992, the republics of Montenegro and Serbia formed a reduced federative state, known officially until 2003 as the </b>Federal Republic of Yugoslavia</b>.
On 4 February 2003, the federal assembly of Yugoslavia created a loose state union or confederacy: <b>The State Union of Serbia and Montenegro</b>, although Yugoslavia was still commonly used.
On 21 May 2006, an independence referendum was held in Montenegro, in which 55.5% of voters voted in favor of independence. Montenegro''s declaration of independence was held on 3 June 2006, and Serbia''s formal declaration of independence on 5 June.<br>
The Serbian Republic continued using the Yugoslav Dinar, renaming it in 2003 as the Serbian Dinar. <br>
Montenegro adopted the Deutsch Mark in 1999, in parallel with the Yugoslav dinar until 2000, and continued to use it until the mark fell into disuse to be replaced by the Euro in 2002.');
INSERT INTO public.ter_territory (ter_id, ter_con_id, ter_tty_id, ter_iso2, ter_iso3, ter_name, ter_official_name, ter_start, ter_end, ter_parent_country_id, ter_successor_id, ter_description) VALUES (199, 6, 3, 'ES', 'ESP', 'Spain', 'Kingdom of Spain', 1479, NULL, NULL, NULL, 'Spain was united as a Kingdom in 1479, after Isabella I of Castile  and Ferdinand II of Aragon, who married in 1469, were crowned as Queen of Castile (in 1474) and King of Aragon (on January 29, 1479). Afterwards the Muslim kingdom of Granada as well as the Canary Islands were  conquered in 1492. Finally the Kingdom of Navarre was annexed in 1512, completing the current extent of Spain, except for small changes like the lost of Gibraltar (conquered by the United Kingdom in 1704) , the cession of Ceuta by Portugal (1668) or the annexation of the town of Olivenza (1801).<br>Between 1581 and 1640 Spain and Portugal formed a dynastic union, the so called Iberian Union, but the 2 countries were not formally merged. <br>
After the war of the Spanish Succession,  in 1715, the country was formally declared  as a state by the first Bourbon king, Philip V. The crowns of Castile and Aragon were united into a single state, abolishing many of the old regional privileges and laws.<br>Between 1807 and 1814 Spain was invaded by the French army of Napoleon, who named his brother Joseph Bonaparte as king. ');
INSERT INTO public.ter_territory (ter_id, ter_con_id, ter_tty_id, ter_iso2, ter_iso3, ter_name, ter_official_name, ter_start, ter_end, ter_parent_country_id, ter_successor_id, ter_description) VALUES (284, 6, 3, 'YU', 'YUG', 'Yugoslavia', 'Socialist Federal Republic of Yugoslavia', 1918, 1992, NULL, '193,54,125,27,275', 'Yugoslavia was founded in 1918 under the name of the <b>Kingdom of Serbs, Croats and Slovenes</b> by the merger of the provisional State of Slovenes, Croats and Serbs 
with the Kingdom of Serbia. The kingdom gained international recognition on 13 July 1922 at the Conference of Ambassadors in Paris. 
The official name of the state was changed to <b>Kingdom of Yugoslavia</b> on 3 October 1929.
Yugoslavia was invaded by the Axis powers on 6 April 1941. In 1943, a Democratic Federal Yugoslavia was proclaimed by the Partisan resistance. The monarchy was abolished in November 1945.
Yugoslavia was renamed the <b>Federal People''s Republic of Yugoslavia</b> in 1946, when a communist government was established. It acquired the territories of Istria, Rijeka, and Zadar from Italy. In 1963, the country was renamed again, as the <b>Socialist Federal Republic of Yugoslavia</b>.
In 1992 Yugoslavia broke up along its republics'' borders into five countries. The republics of Montenegro and Serbia formed a reduced federative state, known officially until 2003 as the </b>Federal Republic of Yugoslavia</b>.');


--
-- Data for Name: tty_territory_type; Type: TABLE DATA; Schema: public; Owner: postgres
--

INSERT INTO public.tty_territory_type (tty_id, tty_name, tty_abbr, tty_desc, tty_order) VALUES (1, 'Co-administrated Territory', 'cT', 'Territory administrated by UN or several countries', NULL);
INSERT INTO public.tty_territory_type (tty_id, tty_name, tty_abbr, tty_desc, tty_order) VALUES (2, 'Economic Union', 'EU', 'Political and/or economical union of independent states', 2);
INSERT INTO public.tty_territory_type (tty_id, tty_name, tty_abbr, tty_desc, tty_order) VALUES (3, 'Independent State', 'Ind', 'Independent state recognized by UN', 1);
INSERT INTO public.tty_territory_type (tty_id, tty_name, tty_abbr, tty_desc, tty_order) VALUES (4, 'Not Recognized State', 'NR', 'Independent state not recognized by all the countries in UN', 3);
INSERT INTO public.tty_territory_type (tty_id, tty_name, tty_abbr, tty_desc, tty_order) VALUES (5, 'Territory', 'T', 'Non idependent territory with a political and economic relation to an independent state', 4);


--
-- Data for Name: usr_user; Type: TABLE DATA; Schema: public; Owner: postgres
--

INSERT INTO public.usr_user (usr_id, usr_name) VALUES (4, 'Paco');
INSERT INTO public.usr_user (usr_id, usr_name) VALUES (27, 'blablabla');
INSERT INTO public.usr_user (usr_id, usr_name) VALUES (25, 'Admin');


--
-- Name: ban_banknote_ban_id_seq; Type: SEQUENCE SET; Schema: public; Owner: postgres
--

SELECT pg_catalog.setval('public.ban_banknote_ban_id_seq', 57, true);


--
-- Name: bit_item_bit_id_seq; Type: SEQUENCE SET; Schema: public; Owner: postgres
--

SELECT pg_catalog.setval('public.bit_item_bit_id_seq', 56, true);


--
-- Name: bta_banknote_tag_bta_id_seq; Type: SEQUENCE SET; Schema: public; Owner: postgres
--

SELECT pg_catalog.setval('public.bta_banknote_tag_bta_id_seq', 1, false);


--
-- Name: bva_variant_bva_id_seq; Type: SEQUENCE SET; Schema: public; Owner: postgres
--

SELECT pg_catalog.setval('public.bva_variant_bva_id_seq', 52, true);


--
-- Name: con_continent_con_id_seq; Type: SEQUENCE SET; Schema: public; Owner: postgres
--

SELECT pg_catalog.setval('public.con_continent_con_id_seq', 1, false);


--
-- Name: cur_currency_cur_id_seq; Type: SEQUENCE SET; Schema: public; Owner: postgres
--

SELECT pg_catalog.setval('public.cur_currency_cur_id_seq', 1, false);


--
-- Name: cus_currency_unit_cus_id_seq; Type: SEQUENCE SET; Schema: public; Owner: postgres
--

SELECT pg_catalog.setval('public.cus_currency_unit_cus_id_seq', 1, false);


--
-- Name: ser_series_ser_id_seq; Type: SEQUENCE SET; Schema: public; Owner: postgres
--

SELECT pg_catalog.setval('public.ser_series_ser_id_seq', 26, true);


--
-- Name: ter_territory_ter_id_seq; Type: SEQUENCE SET; Schema: public; Owner: postgres
--

SELECT pg_catalog.setval('public.ter_territory_ter_id_seq', 3, true);


--
-- Name: tty_territory_type_tty_id_seq; Type: SEQUENCE SET; Schema: public; Owner: postgres
--

SELECT pg_catalog.setval('public.tty_territory_type_tty_id_seq', 1, false);


--
-- Name: usr_user_usr_id_seq; Type: SEQUENCE SET; Schema: public; Owner: postgres
--

SELECT pg_catalog.setval('public.usr_user_usr_id_seq', 27, true);

